,0,1,2,3,4,5,6,7,8,9,10,11,12,13,14,15,16,17,18,19,20,21,22,23,24,25,26,27,28,29,30,31,32,33,34,35,36,37,38,39,40,41,42,43,44,45,46,47,48,49,50,51,52,53,54,55,56,57,58,59,60,61,62,63,64,65,66,67,68,69,70,71,72,73,74,75,76,77,78,79,80,81,82,83,84,85,86,87,88,89,90,91,92,93,94,95,96,97,98,99,100,101,102,103,104,105,106,107,108,109,110,111,112,113,114,115,116,117,118,119,120,121,122,123,124,125,126,127,128,129,130,131,132,133,134,135,136,137,138,139,140,141,142,143,144,145,146,147,148,149,150,151,152,153,154,155,156,157,158,159,160,161,162,163,164,165,166,167,168,169,170,171,172,173,174,175,176,177,178,179,180,181,182,183,184,185,186,187,188,189,190,191,192,193,194,195,196,197,198,199,200,201,202,203,204,205,206,207,208,209,210,211,212,213,214,215,216,217,218,219,220,221,222,223,224,225,226,227,228,229,230,231,232,233,234,235,236,237,238,239,240,241,242,243,244,245,246,247,248,249,250,251,252,253,254,255,256,257,258,259,260,261,262,263
0,2,1,2,2,4,1,2,1,3,2,4,3,2,2,2,4,1,3,4,3,3,4,3,4,2,3,2,1,3,4,4,1,2,4,2,2,3,3,1,4,2,2,2,1,2,1,1,3,2,4,3,4,2,3,4,3,3,1,2,1,4,3,3,4,1,3,2,3,3,3,3,3,2,2,2,1,2,4,3,3,3,3,1,3,4,2,2,4,3,3,2,3,3,3,2,2,4,4,3,2,1,4,1,2,4,1,4,4,2,2,1,4,3,3,4,3,3,3,3,1,1,2,4,3,3,3,2,4,1,1,3,3,4,4,4,4,3,1,4,4,3,4,3,1,4,3,2,4,3,2,4,2,4,4,4,3,2,2,3,3,2,3,4,2,3,1,2,3,3,3,3,1,3,1,2,2,2,1,2,1,2,3,1,2,3,3,3,3,3,3,3,4,2,3,3,2,3,3,2,2,1,1,3,1,3,4,1,2,4,4,4,2,1,3,3,2,4,4,1,2,3,1,1,2,1,4,2,4,4,4,4,2,3,2,4,1,3,3,3,2,2,3,3,2,4,2,1,3,1,1,1,1,4,2,2,1,3,2,4,4,1,4,1,1
1,2,1,2,2,4,1,2,1,3,2,4,3,2,2,2,4,1,3,4,3,3,4,3,4,2,3,2,1,3,4,4,1,2,4,2,2,3,3,1,4,2,2,2,1,2,1,1,3,2,4,3,4,2,3,4,3,3,1,2,1,4,3,3,4,1,3,2,3,3,3,3,3,2,2,2,1,2,4,3,3,3,3,1,3,4,2,2,4,3,3,2,3,3,3,2,2,4,4,3,2,1,4,1,2,4,1,4,4,2,2,1,4,3,3,4,3,3,3,3,1,1,2,4,3,3,3,2,4,1,1,3,3,4,4,4,4,3,1,4,4,3,2,3,1,4,3,2,4,3,2,4,2,4,4,4,3,2,2,3,3,2,3,4,2,3,1,2,3,3,3,3,1,3,1,2,2,2,1,2,1,2,3,1,2,3,3,3,3,3,3,3,4,2,3,3,2,3,3,2,2,1,1,3,1,3,4,1,2,4,4,4,2,1,3,3,2,4,4,1,2,3,1,1,2,1,4,2,4,4,4,4,2,3,2,4,1,3,3,3,2,2,3,3,2,4,2,1,3,1,1,1,1,4,2,2,1,3,2,4,4,1,4,1,1
2,2,1,2,2,4,1,2,1,3,2,4,3,2,2,2,4,1,3,4,3,3,4,3,4,2,3,2,1,3,4,4,1,2,4,2,2,3,3,1,4,2,2,2,1,2,1,1,3,2,4,3,4,2,3,4,3,3,1,2,1,4,3,3,4,1,3,2,3,3,3,3,3,2,2,2,1,2,4,3,3,3,3,1,3,4,2,2,4,3,3,2,3,3,3,2,2,4,4,3,2,1,4,1,2,4,1,4,4,2,2,1,4,3,3,4,3,3,3,3,1,1,2,4,3,3,3,2,4,1,1,3,3,4,4,4,4,3,1,4,4,3,4,3,1,4,3,2,4,3,2,4,2,4,4,4,3,2,2,3,3,2,3,4,2,3,1,2,3,3,3,3,1,3,1,2,2,2,1,2,1,2,3,1,2,3,3,3,3,3,3,3,4,2,3,3,2,3,3,2,2,1,1,3,1,3,4,1,2,4,4,4,2,1,3,3,2,4,4,1,2,3,1,1,2,1,4,2,4,4,4,4,2,3,2,4,1,3,3,3,2,2,3,3,2,4,2,1,3,1,1,1,3,4,2,2,1,3,2,4,4,1,4,1,1
3,2,1,2,2,4,1,2,1,3,2,4,3,2,2,2,4,1,3,4,3,3,4,3,4,2,3,2,3,3,4,4,1,2,4,2,2,3,3,1,4,2,2,2,1,2,1,1,3,2,4,3,4,2,3,4,3,3,1,2,1,4,3,3,4,1,3,2,3,3,3,3,3,2,2,2,1,2,4,3,3,3,3,1,3,4,2,2,4,3,3,2,3,3,3,2,2,4,4,3,2,1,4,1,2,4,1,4,4,2,2,1,4,3,3,4,3,3,3,3,1,1,2,4,3,3,3,2,4,1,1,3,3,4,4,4,4,3,1,4,4,3,4,3,1,4,3,2,4,3,2,4,2,4,4,4,3,2,2,3,3,2,3,4,2,3,1,2,3,3,3,3,1,3,1,2,2,2,1,2,1,2,3,1,2,3,3,3,3,3,3,3,4,2,3,3,2,3,3,2,2,1,1,3,1,3,4,1,2,4,4,4,2,1,3,3,2,4,4,1,2,3,1,1,2,1,4,2,4,2,4,4,2,3,2,4,1,3,3,3,2,2,3,3,2,4,2,1,3,1,1,1,1,4,2,2,1,3,2,4,4,1,4,1,1
4,2,1,2,2,4,1,2,1,3,2,4,3,2,2,2,4,1,3,4,3,3,4,3,4,2,3,2,1,3,4,4,1,2,4,2,2,3,3,3,4,2,2,2,1,2,1,1,3,2,4,3,4,2,3,4,3,3,1,2,1,4,3,3,4,1,3,2,3,3,3,3,3,2,2,2,1,2,4,3,3,3,3,1,3,4,2,2,4,3,3,2,3,3,3,2,2,4,4,3,2,1,4,1,2,4,1,4,4,2,2,1,4,3,3,4,3,3,3,3,1,1,2,4,3,3,3,2,4,1,1,3,3,2,4,4,4,3,1,4,4,3,4,3,1,4,3,2,4,3,2,4,2,4,4,4,3,2,2,3,3,2,3,4,2,3,1,2,3,3,3,3,1,3,1,2,2,2,1,2,1,2,3,1,2,3,3,3,3,3,3,3,4,2,3,3,2,3,3,2,2,1,1,3,1,3,4,1,2,4,4,4,2,1,3,3,2,4,4,1,2,3,1,1,2,1,4,2,4,4,4,4,2,3,2,4,1,3,3,3,2,2,3,3,2,4,2,1,3,1,1,1,1,4,2,2,1,3,2,4,4,1,4,1,1
5,2,1,2,2,4,1,2,1,3,2,4,3,2,2,2,4,1,3,4,3,3,4,3,4,2,3,2,1,3,2,4,1,2,4,2,2,3,3,1,4,2,2,2,1,2,1,1,3,2,4,3,4,2,3,4,3,3,1,2,1,4,3,3,4,1,3,2,3,3,3,3,3,2,2,2,1,2,4,3,3,3,3,1,3,4,2,2,4,3,3,2,3,3,3,2,2,4,4,3,2,1,4,1,2,4,1,4,4,2,2,1,4,3,3,4,3,3,3,3,1,1,2,4,3,3,3,2,4,1,1,3,3,4,4,4,4,3,1,4,4,3,4,3,1,4,3,2,4,3,2,4,2,4,4,4,3,2,2,3,3,2,3,4,2,3,1,2,3,3,3,3,1,3,1,2,2,2,3,2,1,2,3,1,2,3,3,3,3,3,3,3,4,2,3,3,2,3,3,2,2,1,1,3,1,3,4,1,2,4,4,4,2,1,3,3,2,4,4,1,2,3,1,1,2,1,4,2,4,4,4,4,2,3,2,4,1,3,3,3,2,2,3,3,2,4,2,1,3,1,1,1,1,4,2,2,1,3,2,4,4,1,4,1,1
6,2,1,2,2,4,1,2,1,3,2,4,3,2,2,2,4,1,3,4,3,3,4,3,4,2,3,2,1,3,4,4,1,2,4,2,2,3,3,1,4,2,2,2,1,2,1,1,3,4,4,3,4,2,3,4,3,3,1,2,1,4,3,3,4,1,3,2,3,3,3,3,3,2,2,2,1,2,4,3,3,3,3,1,3,4,2,2,4,3,3,2,3,3,3,2,2,4,4,3,2,1,4,1,2,4,1,4,4,2,2,1,4,3,3,4,3,3,3,3,1,1,2,4,3,3,3,2,4,1,1,3,3,4,4,4,4,3,1,4,4,3,4,3,1,4,3,2,4,3,2,4,2,4,4,4,3,2,2,3,3,2,3,4,2,3,1,2,3,3,3,3,1,3,1,2,2,2,1,2,1,2,3,1,2,3,3,3,3,3,3,3,4,2,3,3,2,3,3,2,2,1,1,3,1,3,4,1,2,4,4,4,2,1,3,3,2,4,4,1,2,3,1,1,2,1,4,2,4,4,4,4,2,3,2,4,1,3,3,3,2,2,3,3,2,4,2,1,3,1,1,1,1,4,2,2,1,3,2,4,4,1,4,1,1
7,2,1,2,2,4,1,2,1,3,2,4,3,2,2,2,4,1,3,4,3,3,4,3,4,2,3,2,1,3,4,4,1,2,4,2,2,3,3,1,4,2,2,2,1,2,1,1,3,2,4,3,4,2,3,4,3,3,1,2,1,4,3,3,4,1,3,2,3,3,3,3,3,2,2,2,1,2,4,3,3,3,3,1,3,4,2,2,4,3,3,2,3,3,3,2,2,4,4,3,2,1,4,1,2,4,1,4,4,2,2,1,4,3,3,4,3,3,3,3,1,1,2,4,3,3,3,2,4,1,1,3,3,4,4,4,4,3,1,4,4,3,4,3,1,4,3,2,4,3,2,4,2,4,4,4,3,2,2,3,3,2,3,4,2,3,1,2,3,3,3,3,1,3,1,2,2,2,1,2,1,2,3,1,2,3,3,3,3,3,3,3,4,2,3,3,2,3,3,2,2,1,1,1,1,3,4,1,2,4,4,4,2,1,3,3,2,4,4,1,2,3,1,1,2,1,4,2,4,4,4,4,2,3,2,4,1,3,3,3,2,2,3,3,2,4,2,1,3,1,1,1,1,4,2,2,1,3,2,4,4,1,4,1,1
8,2,1,2,2,4,1,2,1,3,2,4,3,2,2,2,4,1,3,4,3,3,4,3,4,2,3,2,1,3,4,4,1,2,4,2,2,3,3,1,4,2,2,2,1,2,1,1,3,2,4,3,4,2,3,4,3,3,1,2,1,4,3,3,4,1,3,2,3,3,3,3,3,2,2,2,1,2,4,3,3,3,3,1,3,4,2,2,4,3,3,2,3,3,3,2,2,4,4,3,2,1,4,1,2,4,1,4,4,2,2,1,4,3,3,4,3,3,3,3,1,1,2,4,3,3,3,2,4,1,1,3,3,4,4,4,4,3,1,4,4,3,4,3,1,4,3,2,4,3,2,4,2,4,4,4,3,2,2,3,3,2,3,4,2,3,1,2,3,3,3,3,1,3,1,2,2,2,1,2,1,2,3,1,2,3,3,3,3,3,3,3,4,2,3,3,2,3,3,2,2,1,1,3,1,3,4,1,2,4,4,4,2,1,3,3,2,4,4,1,2,3,1,1,2,1,4,2,4,4,4,4,2,3,2,4,1,3,3,3,2,2,3,3,2,4,2,1,3,1,3,1,1,4,2,2,1,3,2,4,4,1,4,1,1
9,2,1,2,2,4,1,2,1,3,2,4,3,2,2,2,4,1,3,4,3,3,4,3,4,2,3,2,1,3,4,4,1,2,4,2,2,3,3,1,4,2,2,2,1,2,1,1,3,2,4,3,4,2,3,4,3,3,1,2,1,4,3,3,4,1,3,2,3,3,3,3,3,2,2,2,1,2,4,3,3,3,3,1,3,4,2,2,4,3,3,2,3,3,3,2,2,4,4,3,2,1,4,1,2,4,1,4,4,2,2,1,4,3,3,4,3,3,3,3,1,1,2,4,3,3,3,2,4,1,1,3,3,4,4,4,4,3,1,4,4,3,4,3,1,4,3,2,4,3,2,4,2,4,4,4,3,2,2,3,3,2,3,4,2,3,1,2,3,3,3,3,1,3,1,2,2,2,1,2,1,2,3,1,2,3,3,3,3,3,3,3,4,2,3,3,2,3,3,2,2,1,3,1,1,3,4,1,2,4,4,4,2,1,3,3,2,4,4,1,2,3,1,1,2,1,4,2,4,4,4,4,2,3,2,4,1,3,3,3,2,2,3,3,2,4,2,1,3,1,1,1,1,4,2,2,1,3,2,4,4,1,4,1,1
10,2,1,2,2,4,1,2,1,3,2,4,3,2,2,2,4,1,3,4,3,3,4,3,4,2,3,2,1,3,4,4,1,2,4,2,2,3,3,1,4,2,2,2,1,2,1,1,3,2,4,3,4,2,3,4,3,3,1,2,1,4,3,3,4,1,3,2,3,3,3,3,3,2,2,2,1,2,4,3,3,3,3,1,3,4,2,2,4,3,3,2,3,3,3,2,2,4,4,3,2,1,4,1,2,4,1,4,4,2,2,1,4,3,3,4,3,3,3,3,1,1,2,4,3,3,3,2,4,1,1,3,3,4,4,4,4,3,3,4,4,3,4,3,1,4,3,2,4,3,2,4,2,4,4,4,3,2,2,3,3,2,3,4,2,3,1,2,3,3,3,3,1,3,1,2,2,2,1,2,1,2,3,1,2,3,3,3,3,3,3,3,4,2,3,3,2,3,3,2,2,1,1,3,1,3,4,1,2,4,4,4,2,1,3,3,2,4,4,1,2,3,1,1,2,1,4,2,4,4,4,4,2,3,2,4,1,3,3,3,2,2,3,3,2,4,2,1,3,1,1,1,1,4,2,2,1,3,2,4,4,1,4,1,1
11,2,1,2,2,4,1,2,1,3,2,4,3,2,2,2,4,1,3,4,3,3,4,3,4,2,3,2,1,3,4,4,1,2,4,2,2,3,3,1,4,2,2,2,1,2,1,1,3,2,4,3,4,2,3,4,3,3,1,2,1,4,3,3,4,1,3,2,3,3,3,3,3,2,2,4,1,2,4,3,3,3,3,1,3,4,2,2,4,3,3,4,3,3,3,2,2,4,4,3,2,1,4,1,2,4,1,4,4,2,2,1,4,3,3,4,3,3,3,3,1,1,2,4,3,3,3,2,4,1,1,3,3,4,4,4,4,3,1,4,4,3,4,3,1,4,3,2,4,3,2,4,2,4,4,4,3,2,2,3,3,2,3,4,2,3,1,2,3,3,3,3,1,3,1,2,2,2,1,2,1,2,3,1,2,3,3,3,3,3,3,3,4,2,3,3,2,3,3,2,2,1,1,3,1,3,4,1,2,4,4,4,2,1,3,3,2,4,4,1,2,3,1,1,2,1,4,2,4,4,4,4,2,3,2,4,1,3,3,3,2,2,3,3,2,4,2,1,3,1,1,1,1,4,2,2,1,3,2,4,4,1,4,1,1
12,2,1,2,2,4,1,2,1,3,2,4,3,2,2,2,4,1,3,4,3,3,4,3,4,2,3,2,1,3,4,4,1,2,4,2,2,3,3,1,4,2,2,2,1,2,1,1,3,2,4,3,4,2,3,4,3,3,1,2,1,4,3,3,4,1,3,2,3,3,3,3,3,2,2,2,1,2,4,3,3,3,3,1,3,4,2,2,4,3,3,2,3,3,3,2,2,4,4,3,2,1,4,1,2,4,1,4,4,2,2,1,4,3,3,4,3,3,3,3,1,1,2,4,3,3,3,2,4,1,1,3,3,4,4,4,4,3,1,4,4,3,4,3,1,4,3,2,4,3,2,4,2,4,4,4,3,2,2,3,3,2,3,4,2,3,1,2,3,3,3,3,1,1,1,2,2,2,1,2,1,2,3,1,2,3,3,3,3,3,3,3,4,2,3,3,2,3,3,2,2,1,1,3,1,3,4,1,2,4,4,4,2,1,3,3,2,4,4,1,2,1,1,1,2,1,4,2,4,4,4,4,2,3,2,4,1,3,3,3,2,2,3,3,2,4,2,1,3,1,1,1,1,4,2,2,1,3,2,4,4,1,4,1,1
13,2,1,2,2,4,1,2,1,3,2,4,3,2,2,2,4,1,3,4,3,3,4,3,4,2,3,2,1,3,4,4,1,2,4,2,2,3,3,1,4,2,2,2,1,2,1,1,3,2,4,3,4,2,3,4,3,3,1,2,1,4,3,3,4,1,3,2,3,3,3,3,3,2,2,2,3,2,4,3,3,3,3,1,3,4,2,2,4,3,3,2,3,3,3,2,2,4,4,3,2,1,4,1,2,4,1,4,4,2,2,1,4,3,3,4,3,3,3,3,1,1,2,4,3,3,3,2,4,1,1,3,3,4,4,4,4,3,1,4,4,3,4,3,1,4,3,2,4,3,2,4,2,4,4,4,3,2,2,3,3,2,3,4,2,3,1,2,3,3,3,3,1,3,1,2,2,2,1,2,1,2,3,1,2,3,3,3,3,3,3,3,4,2,3,3,2,3,3,2,2,1,1,3,1,3,4,1,2,4,4,4,2,1,3,3,2,4,4,1,2,3,1,1,2,1,4,2,4,4,4,4,2,3,2,4,1,3,3,3,2,2,3,3,2,4,2,1,3,1,1,1,1,4,2,2,1,3,2,4,4,1,4,1,1
14,2,1,2,2,4,1,2,1,3,2,4,3,2,2,2,4,1,3,4,3,3,2,3,4,2,3,2,1,3,4,4,1,2,4,2,2,3,3,1,4,2,2,2,1,2,1,1,3,2,4,3,4,2,3,4,3,3,1,2,1,4,3,3,4,1,3,2,3,3,3,3,3,2,2,2,1,2,4,3,3,3,3,1,3,4,2,2,4,3,3,2,3,3,3,2,2,4,4,3,2,1,4,1,2,4,1,4,4,2,2,1,4,3,3,4,3,3,3,3,1,1,2,4,3,3,3,2,4,1,1,3,3,4,4,4,4,3,1,4,4,3,4,3,1,4,3,2,4,3,2,4,2,4,4,4,3,2,2,3,3,2,3,4,2,3,1,2,3,3,3,3,1,3,1,2,2,2,1,2,1,2,3,1,2,3,3,3,3,3,3,3,4,2,3,3,2,3,3,2,2,1,1,3,1,3,4,1,2,4,4,4,2,1,3,3,2,4,4,1,2,3,1,1,2,1,4,2,4,4,4,4,2,3,2,4,1,3,3,3,2,2,3,3,2,4,2,1,3,1,1,1,1,4,2,2,1,3,2,4,4,1,4,1,1
15,2,1,2,2,4,1,2,1,3,2,4,3,2,2,2,4,1,3,4,3,3,4,3,4,2,3,2,1,3,4,4,1,2,4,2,2,3,3,1,4,2,2,2,1,2,1,1,3,2,4,3,4,2,3,4,3,3,1,2,1,4,3,3,4,1,3,2,3,3,3,3,3,2,2,2,1,2,4,3,3,3,3,1,3,4,2,2,4,3,3,2,3,3,3,2,2,4,4,3,2,1,4,1,2,4,1,4,4,2,2,1,4,3,3,4,3,3,3,3,1,1,2,4,3,3,3,2,4,1,1,3,3,4,4,4,4,3,1,4,4,3,4,3,3,4,3,2,4,3,2,4,2,4,4,4,3,2,2,3,3,2,3,4,2,3,1,2,3,3,3,3,1,3,1,2,2,2,1,2,1,2,3,1,2,3,3,3,3,3,3,3,4,2,3,3,2,3,3,2,2,1,1,3,1,3,4,1,2,4,4,4,2,1,3,3,2,4,4,1,2,3,1,1,2,1,4,2,4,4,4,4,2,3,2,4,1,3,3,3,2,2,3,3,2,4,2,1,3,1,1,1,1,4,2,2,1,3,2,4,4,1,4,1,1
16,2,1,2,2,4,1,2,1,3,2,1,3,2,2,2,4,1,3,4,3,3,4,1,4,2,3,2,1,3,4,4,1,2,4,2,2,3,3,1,4,2,2,2,1,2,1,1,3,2,4,3,4,2,3,4,3,3,1,4,1,4,3,3,4,1,3,2,3,3,3,3,3,2,2,2,1,2,4,3,3,3,3,1,3,4,2,2,4,3,3,2,3,3,3,2,2,4,4,3,2,1,4,1,2,4,1,4,4,2,2,1,4,3,3,4,3,3,3,3,1,1,2,4,3,3,3,2,4,1,1,3,3,4,4,4,4,3,1,4,4,3,4,3,1,4,3,2,4,3,2,4,2,4,4,4,3,2,2,3,3,2,3,4,4,3,1,2,3,3,3,3,4,3,1,2,2,4,1,2,1,2,3,1,2,3,3,3,3,3,3,3,3,2,3,1,2,3,3,2,2,2,3,4,1,1,4,1,2,4,2,1,2,1,3,3,2,4,3,1,2,3,4,2,2,4,4,2,4,4,1,4,2,3,1,2,4,3,3,3,4,2,3,3,2,4,2,1,3,1,1,2,1,4,2,2,1,3,2,4,4,1,4,1,1
17,2,1,2,2,4,1,2,1,3,2,1,3,2,2,2,4,1,3,4,3,3,4,1,4,2,3,2,1,3,4,4,1,2,4,2,2,3,3,1,4,2,2,2,1,2,1,1,3,2,4,3,4,2,3,4,3,3,1,4,1,4,3,3,4,1,3,2,3,3,3,3,3,2,2,2,1,2,4,3,3,3,3,1,3,4,2,2,4,3,3,2,3,3,3,2,2,4,4,3,2,1,4,1,2,4,1,4,4,2,2,1,4,3,3,4,3,3,3,3,1,1,2,4,3,3,3,2,4,1,1,3,3,4,4,4,4,3,1,4,4,3,4,3,1,4,3,2,4,3,2,4,2,4,4,4,3,2,2,3,3,2,3,4,4,3,1,2,3,3,3,3,4,3,1,2,2,4,1,2,1,2,3,1,2,3,3,3,3,3,3,3,3,2,3,1,2,3,3,2,2,2,3,4,1,1,4,1,2,4,2,1,2,1,3,3,2,4,3,1,2,3,4,2,2,4,4,2,4,4,1,4,2,3,1,2,4,3,3,3,4,2,3,3,2,4,2,1,3,1,2,2,1,4,2,2,1,3,2,4,4,1,4,1,1
18,2,1,2,2,4,1,2,1,3,2,1,3,2,2,2,4,1,3,4,3,3,4,1,4,2,3,2,1,3,4,4,1,2,4,2,2,3,3,1,4,2,2,2,1,2,1,1,3,2,4,3,4,2,3,4,3,3,1,4,1,4,3,3,4,1,3,2,3,3,3,3,3,2,2,2,1,2,4,3,3,3,3,1,3,4,2,2,4,3,3,2,3,3,3,2,2,4,2,3,2,1,4,1,2,4,1,4,4,2,2,1,4,3,3,4,3,3,3,3,1,1,2,4,3,3,3,2,4,1,1,3,3,4,4,4,4,3,1,4,4,3,4,3,1,4,3,2,4,3,2,4,2,4,4,4,3,2,2,3,3,2,3,4,4,3,1,2,3,3,3,3,4,3,1,2,2,4,1,2,1,2,3,1,2,3,3,3,3,3,3,3,3,2,3,1,2,3,3,2,2,2,3,4,1,1,4,1,2,4,2,1,2,1,3,3,2,4,3,1,2,3,4,2,2,4,4,2,4,4,1,4,2,3,1,2,4,3,3,3,4,2,3,3,2,4,2,1,3,1,1,2,1,4,2,2,1,3,2,4,4,1,4,1,1
19,2,1,2,2,4,1,2,1,3,2,1,3,2,2,2,4,1,3,4,3,3,4,1,4,2,3,2,1,3,4,4,1,2,4,2,2,3,3,1,4,2,2,2,1,2,1,1,3,2,4,3,4,2,3,4,3,3,1,4,1,4,3,3,4,1,3,2,3,3,3,3,3,2,2,2,1,2,4,3,3,3,3,1,3,4,2,2,4,3,3,2,3,3,3,2,2,4,4,3,2,1,4,1,2,4,1,4,4,2,2,1,4,3,3,4,3,3,3,3,1,1,2,4,3,3,3,2,4,1,1,3,3,4,4,4,4,3,1,4,4,3,4,3,1,4,3,2,4,3,2,4,2,4,4,4,3,2,2,3,3,2,3,4,4,3,1,2,3,3,3,3,4,3,1,2,2,4,1,2,1,2,3,1,2,3,3,3,3,3,3,3,3,2,3,1,2,3,3,2,2,2,3,4,1,3,4,1,2,4,2,1,2,1,3,3,2,4,3,1,2,3,4,2,2,4,4,2,4,4,1,4,2,3,1,2,4,3,3,3,4,2,3,3,2,4,2,1,3,1,1,2,1,4,2,2,1,3,2,4,4,1,4,1,1
20,2,1,2,2,4,1,2,1,3,2,1,3,2,2,2,4,1,3,4,3,3,4,1,4,2,3,2,1,3,4,4,1,2,4,2,2,3,3,1,4,2,2,2,1,2,1,1,3,2,4,3,4,2,3,4,3,3,1,4,1,4,3,3,4,1,3,2,3,3,3,3,3,2,2,2,1,2,4,3,3,3,3,1,3,4,2,2,4,3,3,2,3,3,3,2,2,4,4,3,2,1,4,1,2,4,1,4,4,2,2,1,4,3,3,4,3,3,3,3,1,1,2,2,3,3,3,2,4,1,1,3,3,4,4,4,4,3,1,4,4,3,4,3,1,4,3,2,4,3,2,4,2,4,4,4,3,2,2,3,3,2,3,4,4,3,1,2,3,3,3,3,4,3,1,2,2,4,1,2,1,2,3,1,2,3,3,3,3,3,3,3,3,2,3,1,2,3,3,2,2,2,3,4,1,1,4,1,2,4,2,1,2,1,3,3,2,4,3,1,2,3,4,2,2,4,4,2,4,4,1,4,2,3,1,2,4,3,3,3,4,2,3,3,2,4,2,1,3,1,1,2,1,4,2,2,1,3,2,4,4,1,4,1,1
21,2,1,2,2,4,1,2,1,3,2,1,3,2,2,2,4,1,3,4,3,3,4,1,4,2,3,2,1,3,4,4,1,2,4,2,2,3,3,1,4,2,2,2,1,2,1,1,3,2,4,3,4,2,3,4,3,3,1,4,1,4,3,3,4,1,3,2,3,3,3,3,3,2,2,2,1,2,4,3,3,3,3,1,3,4,2,2,4,3,3,2,3,3,3,2,2,4,4,3,2,1,4,1,2,4,1,4,4,2,2,1,4,3,3,4,3,3,3,3,1,1,2,4,3,3,3,2,4,1,1,3,3,4,4,4,4,3,1,4,4,3,4,3,1,4,3,2,4,3,2,4,2,4,4,4,3,2,2,3,3,2,3,4,4,3,1,2,3,3,3,3,4,3,1,1,2,4,1,2,1,2,3,1,2,3,3,3,3,3,3,3,3,2,3,1,2,3,3,2,2,2,3,4,1,1,4,1,2,4,2,1,2,1,3,3,2,4,3,1,2,3,4,2,2,4,4,2,4,4,1,4,2,3,1,2,4,3,3,3,4,2,3,3,2,4,2,1,3,1,1,2,1,4,2,2,1,3,2,4,4,1,4,1,1
22,2,1,2,2,4,1,2,1,3,2,1,3,2,2,2,4,1,3,4,3,3,4,1,4,2,3,2,1,3,4,4,1,2,4,2,2,3,3,1,4,2,2,2,1,2,1,1,3,2,4,3,4,2,3,4,3,3,1,4,1,4,3,3,4,1,3,2,3,3,3,3,3,2,2,2,1,2,4,3,3,3,3,1,3,4,2,2,4,3,3,2,3,3,3,2,2,4,4,3,2,1,4,1,2,4,1,4,4,2,2,1,4,3,3,4,3,3,3,3,1,1,2,4,3,3,3,2,4,1,1,3,3,4,4,4,4,3,1,4,4,3,4,3,1,4,3,2,4,3,2,4,2,4,4,4,3,2,2,3,3,2,3,4,3,3,1,2,3,3,3,3,4,3,1,2,2,4,1,2,1,2,3,1,2,3,3,3,3,3,3,3,3,2,3,1,2,3,3,2,2,2,3,4,1,1,4,1,2,4,2,1,2,1,3,3,2,4,3,1,2,3,4,2,2,4,4,2,4,4,1,4,2,3,1,2,4,3,3,3,4,2,3,3,2,4,2,1,3,1,1,2,1,4,2,2,1,3,2,4,4,1,4,1,1
23,2,1,2,2,4,1,2,1,3,2,1,3,2,2,2,4,1,3,4,3,3,4,1,4,2,3,2,1,3,4,4,1,2,4,2,2,3,3,1,4,2,2,2,1,2,1,1,3,2,4,3,4,2,3,4,3,3,1,4,1,4,3,3,4,1,3,2,3,3,3,3,3,2,2,2,1,2,4,3,3,3,3,1,3,4,2,2,4,3,3,2,3,3,3,2,2,4,4,3,2,1,4,1,2,4,1,4,4,2,2,1,4,3,3,4,3,3,3,3,1,1,2,4,3,3,3,2,4,1,1,3,3,4,4,4,4,3,1,4,4,3,4,3,1,4,3,2,4,3,2,4,2,4,4,4,3,2,2,3,3,2,3,2,4,3,1,2,3,3,3,3,4,3,1,2,2,4,1,2,1,2,3,1,2,3,3,3,3,3,3,3,3,2,3,1,2,3,3,2,2,2,3,4,1,1,4,1,2,4,2,1,2,1,3,3,2,4,3,1,2,3,4,2,2,4,4,2,4,4,1,4,2,3,3,2,4,3,3,3,4,2,3,3,2,4,2,1,3,1,1,2,1,4,2,2,1,3,2,4,4,1,4,1,1
24,2,1,2,2,4,1,2,1,3,2,1,3,2,2,2,4,1,3,4,3,3,4,1,4,2,3,2,1,3,4,4,1,2,4,2,2,3,3,1,4,2,2,2,1,2,1,1,3,2,4,3,4,2,3,4,3,3,1,4,1,4,3,3,4,1,3,2,3,3,3,3,3,2,2,2,1,2,4,3,3,3,1,1,3,4,2,2,4,3,3,2,3,3,3,2,2,4,4,3,2,1,4,1,2,4,1,4,4,2,2,1,4,3,3,4,3,3,3,3,1,1,2,4,3,3,3,2,4,1,1,3,3,4,4,4,4,3,1,4,4,3,4,3,1,4,3,2,4,3,2,4,2,4,4,4,3,2,2,3,3,2,3,4,4,3,1,2,3,3,3,3,4,3,1,2,2,4,1,2,1,2,3,1,2,3,3,3,3,3,3,3,3,2,3,1,2,3,3,2,2,2,3,4,1,1,4,1,2,4,2,1,2,1,3,3,2,4,3,1,2,3,4,2,2,4,4,2,4,4,1,4,2,3,1,2,4,3,3,3,4,2,3,3,2,4,2,1,3,1,1,4,1,4,2,2,1,3,2,4,4,1,4,1,1
25,2,1,2,2,4,1,2,1,3,2,1,3,2,2,2,4,1,3,4,3,3,4,1,4,2,3,2,1,3,4,4,1,2,4,2,2,3,3,1,4,2,2,2,1,2,1,1,3,2,4,3,4,2,3,4,3,3,1,4,1,4,3,3,4,1,3,2,3,3,3,3,3,2,2,2,1,2,4,3,3,3,3,1,3,4,2,2,4,3,3,2,3,3,3,2,2,4,4,3,2,1,4,1,2,4,1,4,4,2,2,1,4,3,3,4,3,3,3,3,1,3,2,4,3,3,3,2,4,1,1,3,3,4,4,4,4,3,1,4,4,3,4,3,1,4,3,2,4,3,2,4,2,4,4,4,3,2,2,3,3,2,3,4,4,3,1,2,3,3,3,3,4,3,1,2,2,4,1,2,1,2,3,1,2,3,3,3,3,3,3,3,3,2,3,1,2,3,3,2,2,2,3,4,1,1,4,1,2,4,2,1,2,1,3,3,2,4,3,1,2,3,4,2,2,4,4,2,4,4,1,4,2,3,1,2,4,3,3,3,4,2,3,3,2,4,2,1,3,1,1,2,1,4,2,2,1,3,2,4,4,1,4,1,1
26,2,1,2,2,4,1,2,1,3,2,1,3,2,2,2,4,1,1,4,3,3,4,1,4,2,3,2,1,3,4,4,1,2,4,2,2,3,3,1,4,2,2,2,1,2,1,1,3,2,4,3,4,2,3,4,3,3,1,4,1,4,3,3,4,1,3,2,3,3,3,3,3,2,2,2,1,2,4,3,3,3,3,1,3,4,2,2,4,3,3,2,3,3,3,2,2,4,4,3,2,1,4,1,2,4,1,4,4,2,2,1,4,3,3,4,3,3,3,3,1,1,2,4,3,3,3,2,4,1,1,3,3,4,4,4,4,3,1,4,4,3,4,3,1,4,3,2,4,3,2,4,2,4,4,4,3,2,2,3,3,2,3,4,4,3,1,2,3,3,3,3,4,3,1,2,2,4,1,4,1,2,3,1,2,3,3,3,3,3,3,3,3,2,3,1,2,3,3,2,2,2,3,4,1,1,4,1,2,4,2,1,2,1,3,3,2,4,3,1,2,3,4,2,2,4,4,2,4,4,1,4,2,3,1,2,4,3,3,3,4,2,3,3,2,4,2,1,3,1,1,2,1,4,2,2,1,3,2,4,4,1,4,1,1
27,2,1,2,2,4,1,2,1,3,2,1,3,2,2,2,4,1,3,4,3,3,4,1,4,2,3,2,1,3,4,4,1,2,4,2,2,3,3,1,4,2,2,2,1,2,1,1,3,2,4,3,4,2,3,4,3,3,1,4,1,4,3,3,4,1,3,2,3,3,3,3,3,2,2,2,1,2,4,3,3,3,3,1,3,4,2,2,4,3,3,2,3,3,3,2,2,4,4,3,2,1,4,1,2,4,1,4,4,2,2,1,4,3,3,4,3,3,3,3,1,1,2,4,3,3,3,2,4,1,1,3,3,4,4,4,4,3,1,4,4,1,4,3,1,4,3,2,4,3,2,4,2,4,4,4,3,2,2,3,3,2,3,4,2,3,1,2,3,3,3,3,4,3,1,2,2,4,1,2,1,2,3,1,2,3,3,3,3,3,3,3,3,2,3,1,2,3,3,2,2,2,3,4,1,1,4,1,2,4,2,1,2,1,3,3,2,4,3,1,2,3,4,2,2,4,4,2,4,4,1,4,2,3,1,2,4,3,3,3,4,2,3,3,2,4,2,1,3,1,1,2,1,4,2,2,1,3,2,4,4,1,4,1,1
28,2,1,2,2,4,1,2,1,3,4,1,3,2,2,2,4,1,3,4,3,3,4,1,4,2,3,2,1,3,4,4,1,2,4,2,2,3,3,1,4,2,2,2,1,2,1,1,3,2,4,3,4,2,3,4,3,3,1,4,1,4,3,3,4,1,3,2,3,3,3,3,3,2,2,2,1,2,4,3,3,3,3,1,3,4,2,2,4,3,3,2,3,3,3,2,2,4,4,3,2,1,4,1,2,4,1,4,4,2,2,1,4,3,3,4,3,3,3,3,1,1,2,4,3,3,3,2,4,1,1,3,3,4,2,4,4,3,1,4,4,3,4,3,1,4,3,2,4,3,2,4,2,4,4,4,3,2,2,3,3,2,3,4,4,3,1,2,3,3,3,3,4,3,1,2,2,4,1,2,1,2,3,1,2,3,3,3,3,3,3,3,3,2,3,1,2,3,3,2,2,2,3,4,1,1,4,1,2,4,2,1,2,1,3,3,2,4,3,1,2,3,4,2,2,4,4,2,4,4,1,4,2,3,1,2,4,3,3,3,4,2,3,3,2,4,2,1,3,1,1,2,1,4,2,2,1,3,2,4,4,1,4,1,1
29,2,1,2,2,4,1,2,1,3,2,1,3,2,2,2,4,1,3,4,3,3,4,1,4,2,3,2,1,3,4,4,1,2,4,2,2,3,3,1,4,2,2,2,1,2,1,1,3,2,4,3,4,2,3,4,3,3,1,4,1,4,3,3,4,1,3,2,3,3,3,3,3,2,2,2,1,2,4,3,3,3,3,1,3,4,2,2,4,3,3,2,3,3,3,2,2,4,4,3,2,1,4,1,2,4,1,4,4,2,2,1,4,3,3,4,3,3,3,3,1,1,2,4,3,3,3,2,4,1,1,3,3,4,4,4,4,3,1,4,4,3,4,3,1,4,3,2,4,3,2,4,2,4,4,4,3,2,2,3,3,2,3,4,4,3,1,2,3,3,3,3,4,3,1,2,2,4,1,2,1,2,3,1,2,3,3,3,3,3,3,3,3,2,3,3,2,3,3,2,2,2,3,4,1,1,4,1,2,4,2,1,2,1,3,3,2,4,3,1,2,3,4,2,2,4,4,2,4,4,1,4,2,3,1,2,4,3,3,3,4,2,3,3,2,4,2,1,3,1,1,2,1,4,2,2,1,3,2,4,4,1,4,1,1
30,2,1,2,2,4,1,2,1,3,2,1,3,2,2,2,4,1,3,4,3,3,4,1,4,2,3,2,1,3,4,4,1,2,4,2,2,3,3,1,4,2,2,2,1,2,1,1,3,2,4,3,4,2,3,4,3,3,1,4,1,4,3,3,4,1,3,2,3,3,3,3,3,2,2,2,1,2,4,3,3,3,3,1,3,4,2,2,4,3,3,2,3,3,3,2,2,4,4,3,2,1,4,1,2,4,1,4,4,2,2,1,4,3,3,4,3,3,3,3,1,1,2,4,3,3,3,2,4,1,1,3,3,4,4,4,4,3,1,4,4,3,4,3,1,4,3,2,4,3,2,4,2,4,4,4,3,2,2,3,3,2,3,4,4,3,1,2,3,3,3,3,2,3,1,2,2,4,1,2,1,2,3,1,2,3,3,3,3,3,3,3,3,2,3,1,2,3,3,2,2,2,3,2,1,1,4,1,2,4,2,1,2,1,3,3,2,4,3,1,2,3,4,2,2,4,4,2,4,4,1,4,2,3,1,2,4,3,3,3,4,2,3,3,2,4,2,1,3,1,1,2,1,4,2,2,1,3,2,4,4,1,4,1,1
31,2,1,2,2,4,1,2,1,3,2,1,3,2,2,2,4,1,3,4,3,3,4,1,4,2,2,2,1,3,4,4,1,2,4,2,2,3,3,1,4,2,2,2,1,2,1,1,3,2,4,3,4,2,3,4,3,3,1,4,1,4,3,3,4,1,3,2,3,3,3,3,3,2,2,2,1,2,4,3,3,3,3,1,3,4,2,2,4,3,3,2,3,3,3,2,2,4,4,3,2,1,4,1,2,4,1,4,4,2,2,1,4,3,3,4,3,3,3,3,1,1,2,4,3,3,3,2,4,1,1,3,3,4,4,4,4,3,1,4,4,3,4,3,1,4,3,2,4,3,2,4,2,4,4,4,3,2,2,3,3,2,3,4,4,3,1,2,3,3,3,3,4,3,1,2,2,4,1,2,1,2,3,1,2,3,3,3,3,3,3,3,3,2,3,1,2,3,3,2,2,2,3,4,1,1,4,1,2,4,2,1,2,1,3,3,2,4,3,1,2,3,4,2,2,4,4,2,4,4,1,4,2,3,1,2,4,3,3,3,4,2,3,3,2,4,2,1,3,1,1,2,1,4,2,2,1,3,2,4,4,1,4,1,1
32,2,1,2,2,4,1,2,1,3,2,1,3,2,2,2,4,1,3,4,3,3,4,1,4,2,3,2,1,3,4,4,1,2,4,2,2,3,3,1,4,2,2,2,1,2,1,1,3,2,4,3,4,2,3,4,3,3,1,4,1,4,3,3,4,1,3,2,3,3,3,3,3,2,2,2,1,2,4,3,3,3,3,1,3,4,2,2,4,3,3,2,3,3,3,2,2,4,4,3,2,1,4,1,2,4,1,4,4,2,2,1,4,3,3,4,3,3,3,3,1,1,2,4,3,3,3,2,4,1,1,3,3,4,4,4,4,3,1,4,4,3,4,3,1,4,3,2,4,3,2,4,2,4,4,4,3,2,2,3,3,2,3,4,4,3,1,2,3,3,3,3,4,3,1,2,2,4,1,2,1,2,3,1,2,3,3,3,3,3,3,3,3,2,3,1,2,3,3,2,2,2,3,4,1,1,4,1,2,4,2,1,2,1,3,3,2,4,3,1,2,3,4,2,2,4,4,2,4,4,1,4,2,3,1,2,4,3,3,3,4,2,3,3,2,4,2,1,3,3,1,2,1,4,2,2,1,3,2,4,4,1,4,1,1
33,2,1,2,2,4,1,2,1,3,2,1,3,2,2,2,4,1,3,4,3,3,4,3,4,2,1,2,1,3,4,4,1,2,4,2,2,3,3,1,4,2,2,2,1,2,1,1,3,2,4,3,4,2,3,4,3,3,1,4,1,4,3,3,4,1,3,2,3,3,3,3,3,2,2,2,1,2,4,3,3,3,3,3,3,4,2,2,4,3,3,2,3,3,3,2,2,4,4,3,2,3,4,1,2,4,1,4,4,2,2,1,4,3,3,4,3,3,3,3,1,1,2,4,3,3,3,2,4,1,1,3,3,4,4,4,4,3,1,4,4,3,4,3,1,4,3,2,4,3,2,4,2,4,4,4,3,2,2,3,3,2,3,4,4,3,1,2,3,3,3,3,4,3,1,2,2,4,1,2,1,2,3,1,2,3,3,3,3,3,3,3,3,2,3,1,2,3,3,2,2,2,3,4,1,1,4,1,2,4,2,1,2,1,3,3,2,4,3,1,2,3,4,2,2,4,4,2,4,4,1,4,2,3,1,2,4,3,3,3,4,2,3,3,2,4,2,1,3,1,1,2,1,4,2,2,1,3,2,4,4,1,4,1,1
34,2,1,2,2,4,1,2,1,3,2,1,3,2,2,2,4,1,3,4,3,3,4,1,4,2,3,2,1,3,4,4,1,2,4,2,2,3,3,1,4,2,2,2,1,2,1,1,3,2,4,3,4,2,3,4,3,3,1,4,1,4,3,3,4,1,3,2,3,3,3,3,3,2,2,2,1,2,4,3,3,3,3,1,3,4,2,2,4,3,3,2,3,3,3,2,2,4,4,3,2,1,4,1,2,3,1,4,4,2,2,1,4,3,3,4,3,3,3,3,1,1,2,4,3,3,3,2,4,1,1,3,3,4,4,4,4,3,1,4,4,3,4,3,1,4,3,2,4,3,2,4,2,4,4,4,3,2,2,3,3,2,3,4,4,3,1,2,3,3,3,3,4,3,1,2,2,4,1,2,1,2,3,1,2,3,3,3,3,3,3,3,3,2,3,1,2,3,3,2,2,2,3,4,1,1,4,1,2,4,2,1,2,1,3,3,2,4,3,1,2,3,4,2,2,4,4,2,4,4,1,4,2,3,1,2,4,3,3,3,1,2,3,3,2,4,2,1,3,1,1,2,1,4,2,2,1,3,2,4,4,1,4,1,1
35,2,1,2,2,4,1,2,1,3,2,1,3,2,2,2,4,1,3,4,3,3,4,1,4,2,3,2,1,3,4,4,1,2,4,2,2,3,3,1,4,2,2,2,1,2,1,1,3,2,4,3,4,2,3,4,3,3,1,4,1,4,3,3,4,1,3,2,3,3,3,3,3,2,2,2,1,2,4,3,3,3,3,1,3,4,2,2,4,3,3,2,3,3,3,2,2,4,4,3,2,1,4,1,2,4,1,4,4,2,2,1,4,3,3,4,3,3,3,3,1,1,2,4,3,3,3,2,4,1,1,3,3,4,4,4,4,3,1,4,4,3,4,3,1,4,3,2,4,3,2,4,2,4,4,4,3,2,2,3,3,2,3,4,4,3,1,2,3,3,3,3,4,3,1,2,2,4,1,2,1,2,3,1,2,3,3,3,3,3,3,3,3,2,3,1,2,3,3,2,2,2,3,4,1,1,4,1,2,4,2,1,2,1,3,3,2,4,3,1,2,3,4,2,2,4,4,2,4,4,1,4,2,3,1,2,4,3,3,3,4,2,3,3,2,4,2,1,1,1,1,2,1,4,2,2,1,3,2,4,4,1,4,1,1
36,2,1,2,2,4,1,2,1,3,2,1,3,2,2,2,4,1,3,4,3,3,4,1,4,2,3,2,1,3,4,4,1,2,4,2,2,3,3,1,4,2,2,2,1,2,1,1,3,2,4,3,4,2,3,4,3,3,1,4,1,4,3,3,4,1,3,2,3,3,3,3,3,2,2,2,1,4,4,3,3,3,3,1,3,4,2,2,4,3,3,2,3,3,3,2,2,4,4,3,2,1,4,1,2,4,1,4,4,2,2,1,4,3,3,4,3,3,3,3,1,1,2,4,3,3,3,2,4,1,1,3,3,4,4,4,4,3,1,4,4,3,4,3,1,4,3,2,4,3,2,4,2,4,4,4,3,2,2,3,3,2,3,4,4,3,1,2,3,3,3,3,4,3,1,2,2,4,1,2,1,2,3,1,2,3,3,3,3,3,3,3,3,2,3,1,2,3,3,2,2,2,3,4,1,1,2,1,2,4,2,1,2,1,3,3,2,4,3,1,2,3,4,2,2,4,4,2,4,4,1,4,2,3,1,2,4,3,3,3,4,2,3,3,2,4,2,1,3,1,1,2,1,4,2,2,1,3,2,4,4,1,4,1,1
37,2,1,2,2,4,1,2,1,3,2,1,3,2,2,2,4,1,3,4,3,3,4,1,4,2,3,2,1,3,4,4,1,2,4,2,2,3,3,3,4,2,2,2,1,2,1,1,3,2,4,3,4,2,3,4,3,3,1,4,1,4,3,3,4,1,3,2,3,3,3,3,3,2,2,2,1,2,4,3,3,3,3,1,3,4,2,2,4,3,3,2,3,3,3,2,2,4,4,3,2,1,4,1,2,4,1,4,4,2,2,1,4,3,3,4,3,3,3,3,1,1,2,4,3,3,3,2,4,1,1,3,3,4,4,4,4,3,1,4,4,3,4,3,1,4,3,2,4,3,2,4,2,4,4,4,3,2,2,3,3,2,3,4,4,3,1,2,3,3,3,3,4,3,1,2,2,4,1,2,1,2,3,1,2,3,3,3,3,3,3,3,3,2,3,1,2,3,3,2,2,2,3,4,1,1,4,1,2,4,2,1,2,1,3,3,2,4,3,1,2,3,4,2,2,4,4,2,4,4,1,4,2,3,1,2,4,3,3,3,4,2,3,3,2,4,2,1,3,1,1,2,1,4,2,2,1,3,2,4,4,1,4,1,1
38,2,1,2,2,4,1,2,1,3,2,1,3,2,2,2,4,1,3,4,3,3,4,1,4,2,3,2,1,3,4,4,1,2,4,2,2,3,3,1,4,2,2,2,1,2,1,1,3,2,4,3,4,2,3,4,3,3,1,4,1,4,3,3,4,1,3,2,3,3,3,3,3,2,2,2,1,2,4,3,3,3,3,1,3,4,2,2,4,3,3,2,3,3,3,2,2,4,4,3,2,1,4,1,2,4,1,4,4,2,2,1,4,3,3,4,3,3,3,3,1,1,2,4,3,3,3,2,4,1,1,3,3,4,4,4,4,3,1,4,4,3,4,3,1,4,3,2,4,3,2,4,2,4,4,4,3,2,2,3,3,2,3,4,4,3,1,2,3,3,3,3,4,3,1,2,2,4,1,2,1,2,3,3,2,3,3,3,3,3,3,3,3,2,3,1,2,3,3,2,2,2,3,4,1,1,4,1,2,4,2,1,2,1,3,3,2,4,3,1,2,3,4,2,2,4,4,2,4,4,1,4,2,3,1,2,4,3,3,3,4,2,3,3,2,4,2,1,3,1,1,4,1,4,2,2,1,3,2,4,4,1,4,1,1
39,2,1,2,2,4,1,2,1,3,2,1,3,2,2,2,4,1,3,4,3,3,4,1,4,2,3,2,1,3,4,4,1,2,4,2,2,3,3,1,4,2,2,2,1,2,1,1,3,2,4,3,4,2,3,4,3,3,1,4,1,4,3,3,4,1,3,2,3,3,3,3,3,2,2,2,1,2,4,3,3,3,3,1,3,4,2,2,4,3,3,2,3,3,3,2,2,4,4,3,2,1,4,1,2,4,1,4,4,2,2,1,4,3,3,4,3,3,3,3,1,1,2,4,3,3,3,2,4,1,1,3,3,4,4,4,4,3,1,4,4,3,4,3,1,4,3,2,4,3,2,4,2,4,4,4,3,2,2,3,3,2,3,4,4,3,1,2,3,3,3,3,2,3,1,2,2,4,1,2,1,2,3,1,2,3,3,3,3,3,3,3,3,2,3,1,2,3,3,2,2,2,3,4,1,3,4,1,2,4,2,1,2,1,3,3,2,4,3,1,2,3,4,2,2,4,4,2,4,4,1,4,2,3,2,2,4,3,3,3,4,2,3,3,2,4,2,1,3,1,1,2,1,4,2,2,1,3,2,4,4,1,4,1,1
40,2,1,2,2,4,1,2,1,3,2,4,3,2,2,2,4,1,3,4,3,3,4,3,4,2,3,2,1,3,4,4,1,2,4,2,2,3,3,1,4,2,2,2,1,2,1,1,3,2,4,3,4,2,3,4,3,3,1,4,1,4,3,3,4,1,3,2,3,3,3,3,3,2,2,2,1,2,4,3,3,3,3,1,3,4,2,2,4,3,3,2,3,3,3,2,2,4,4,3,2,1,4,1,2,4,1,4,4,2,2,1,4,3,3,4,3,3,3,3,1,1,2,4,3,3,3,2,4,1,1,3,3,4,4,4,4,3,1,4,4,3,4,3,1,4,3,2,4,3,2,4,2,4,4,4,3,2,2,3,3,2,3,4,4,3,1,2,3,3,3,3,4,3,1,2,2,4,1,2,1,2,3,1,2,3,3,3,3,3,3,3,3,2,3,1,2,3,3,2,2,1,2,3,1,3,4,1,2,4,4,4,2,1,3,3,2,4,4,1,2,3,1,1,2,4,4,2,4,4,4,4,2,3,2,4,1,3,3,3,2,2,3,3,2,4,2,1,3,1,1,2,1,4,2,2,1,3,2,4,4,1,4,1,1
41,2,1,2,2,4,1,2,1,3,2,1,3,2,2,2,4,1,3,4,3,3,4,1,4,2,3,2,1,3,4,4,1,2,4,2,2,3,3,1,4,2,2,2,1,2,1,1,3,2,4,3,4,2,3,4,3,3,1,4,1,4,3,3,4,1,3,2,3,3,3,3,3,2,2,2,1,2,4,3,3,3,3,1,3,4,2,2,4,3,3,2,3,3,3,2,2,4,4,3,2,1,4,1,2,4,1,4,4,2,2,1,4,3,3,4,3,3,3,3,1,1,2,4,3,3,3,2,4,1,1,3,3,4,4,4,4,3,1,4,4,3,4,3,1,4,3,2,4,3,2,4,2,4,4,4,3,2,2,3,3,2,3,4,4,3,1,2,3,3,3,3,4,3,1,2,2,4,1,2,1,2,3,1,2,3,3,3,3,3,3,3,3,2,3,1,2,3,3,2,2,2,3,4,1,1,4,1,2,4,2,1,2,1,3,3,2,4,3,1,2,3,4,2,2,4,4,2,4,4,1,4,2,3,1,2,4,3,3,3,4,2,3,3,2,4,2,1,3,1,1,2,1,4,4,2,1,3,2,4,4,1,4,1,1
42,2,2,2,2,4,1,2,3,1,2,3,3,2,3,2,4,3,3,4,1,3,4,1,3,2,4,2,1,3,2,4,3,2,4,2,2,3,3,1,4,2,2,2,1,2,1,1,3,2,2,3,4,2,4,4,3,3,1,2,1,4,3,1,4,2,3,2,4,3,3,4,3,2,2,2,1,2,4,3,3,3,3,1,3,4,2,2,4,3,3,2,3,3,3,2,1,4,1,3,2,3,4,1,4,4,4,2,4,2,2,1,4,3,3,4,3,3,3,3,1,1,2,4,3,3,3,2,3,1,1,3,3,4,2,2,4,3,1,4,1,3,4,3,2,4,3,2,4,3,2,4,1,4,4,4,3,2,2,3,3,4,3,4,2,3,1,2,3,2,2,1,2,2,1,2,2,2,1,2,3,4,2,1,2,2,3,3,3,3,3,1,3,2,4,3,2,2,3,2,2,2,3,3,4,2,2,1,2,3,4,4,4,3,3,1,2,4,4,1,2,4,1,3,4,2,4,2,2,4,2,1,3,4,2,2,3,3,3,2,4,2,2,1,1,1,2,1,3,1,1,2,1,4,4,2,1,3,2,4,3,1,4,2,1
43,2,2,2,2,4,1,2,3,4,2,3,3,2,3,2,4,3,3,4,1,3,4,1,3,2,4,2,1,3,2,4,3,2,4,2,2,3,3,1,4,2,2,2,1,2,1,1,3,2,2,3,4,2,4,4,3,3,1,2,1,4,3,1,4,2,3,2,4,3,3,4,3,2,2,2,1,2,4,3,3,3,3,1,3,4,2,2,4,3,3,2,3,3,3,2,1,4,1,3,2,3,4,1,4,4,4,2,4,2,2,1,4,3,3,4,3,3,3,3,1,1,2,4,3,3,3,2,3,1,1,3,3,4,2,2,4,3,1,4,1,3,4,3,2,4,3,2,4,3,2,4,1,4,4,4,3,2,2,3,3,4,3,4,2,3,1,2,3,2,2,1,2,2,1,2,2,2,1,2,3,4,2,1,2,2,3,3,3,3,3,1,3,2,4,3,2,2,3,2,2,2,1,1,4,2,2,3,2,3,4,4,4,3,3,1,2,4,4,3,2,4,1,3,4,2,4,2,2,4,2,1,3,4,2,2,3,3,3,2,4,2,2,1,1,1,2,1,3,1,1,2,1,4,4,2,1,3,2,4,3,1,4,2,1
44,2,2,2,2,4,1,2,3,1,2,3,3,2,3,2,4,3,3,4,1,3,4,1,3,2,4,2,1,3,2,4,3,2,4,2,2,3,3,1,4,2,2,2,1,2,1,1,3,2,2,3,4,2,4,4,3,3,1,2,1,4,3,1,4,2,3,2,4,3,3,4,3,2,2,2,1,2,4,3,3,3,3,1,3,4,2,2,4,3,3,2,3,3,3,2,1,4,1,3,2,3,4,1,4,4,4,2,4,2,2,1,4,3,3,4,3,3,3,3,1,1,2,4,3,3,3,2,3,1,1,3,3,4,2,2,4,3,1,4,1,3,4,3,2,4,3,2,4,3,2,4,1,4,4,4,3,2,2,3,3,4,3,4,2,3,1,2,3,2,2,1,2,2,1,2,2,2,1,2,3,4,2,1,2,2,3,3,3,3,3,1,3,2,4,3,2,2,3,2,2,2,1,3,4,2,2,1,2,3,4,4,4,3,3,1,2,4,4,1,2,4,1,3,4,2,4,2,2,4,2,1,3,4,2,2,3,3,3,2,4,2,2,1,1,1,2,1,3,1,1,2,1,4,4,2,1,3,2,4,3,1,4,2,1
45,2,2,2,2,4,1,2,3,1,2,3,3,2,3,2,4,3,3,4,1,3,4,1,3,2,4,2,1,3,2,4,3,2,4,2,2,3,3,1,4,2,2,2,1,2,1,1,3,2,2,3,4,2,4,4,3,3,1,2,1,4,3,1,4,2,3,2,4,3,3,4,3,2,2,2,1,2,4,3,3,3,3,1,3,4,2,2,4,3,3,2,3,3,3,2,1,4,1,3,2,3,4,1,4,4,4,2,4,2,2,1,4,3,3,4,3,3,3,3,1,1,2,4,3,3,3,2,3,1,1,3,3,4,2,2,4,3,1,4,1,3,4,3,2,4,3,2,4,3,2,4,1,4,4,4,3,2,2,3,3,4,3,4,2,3,1,2,3,3,2,3,2,2,1,2,2,2,1,2,3,4,2,1,2,2,3,3,3,3,3,1,3,2,4,3,2,2,3,2,2,2,1,3,4,2,2,1,2,3,4,4,4,3,3,1,2,4,4,1,2,4,1,3,4,2,4,2,2,4,2,1,3,4,2,2,3,3,3,2,4,2,2,1,1,1,2,1,3,1,1,2,1,4,4,2,1,3,2,4,3,1,4,2,1
46,2,2,2,2,4,1,2,3,1,2,3,3,2,3,2,4,3,3,4,1,3,4,1,3,2,4,2,1,3,2,4,3,2,4,2,2,3,3,1,4,2,2,2,1,2,1,1,3,2,2,3,4,2,4,4,3,3,1,2,1,4,3,1,4,2,3,2,4,3,3,4,3,2,2,2,1,2,4,3,3,3,3,1,3,4,2,2,4,3,3,2,3,3,3,2,1,4,1,3,2,3,4,1,4,4,4,2,4,2,2,1,4,3,3,4,3,3,3,3,1,1,2,4,3,3,3,2,3,1,1,3,3,4,2,2,4,3,1,4,1,3,4,3,2,4,3,2,4,3,2,4,1,4,4,4,3,2,2,3,3,4,3,4,2,3,1,2,3,2,2,3,2,2,1,2,2,2,1,2,3,4,2,1,2,2,3,3,3,3,3,1,3,2,4,3,2,2,3,2,2,2,1,3,4,2,2,3,2,3,4,4,4,3,3,1,2,4,4,1,2,4,1,1,4,2,4,2,2,4,2,1,3,4,2,2,3,3,3,2,4,2,2,1,1,1,2,1,3,1,1,2,1,4,4,2,1,3,2,4,3,1,4,2,1
47,2,2,2,2,4,1,2,3,1,2,3,3,2,3,2,4,3,3,4,1,3,4,1,3,2,4,2,1,3,2,4,3,2,4,2,2,3,3,1,4,2,2,2,1,2,1,1,3,2,2,3,4,2,4,4,3,3,1,2,1,4,3,1,4,2,3,2,4,3,3,4,3,2,2,2,1,2,4,3,3,3,3,1,3,4,2,2,4,3,3,2,3,3,3,2,1,4,1,3,2,3,4,1,4,4,4,2,4,2,2,1,4,3,3,4,3,3,3,3,1,1,2,4,3,3,3,2,3,1,1,3,3,4,2,2,4,3,1,4,1,3,4,3,2,4,3,2,4,3,2,4,3,4,4,4,3,2,2,3,3,4,3,4,2,3,1,2,3,2,2,1,2,2,1,2,2,2,1,2,3,4,2,1,2,2,3,3,3,3,3,1,3,2,4,3,2,2,3,2,2,2,1,3,4,2,2,3,2,3,4,4,4,3,3,1,2,4,4,1,2,4,1,3,1,2,4,2,2,4,2,1,3,4,2,2,3,3,3,2,4,2,2,1,1,1,2,1,3,1,1,2,1,4,4,2,1,3,2,4,3,1,4,2,1
48,2,2,2,2,4,1,2,3,1,2,3,3,2,3,2,4,3,3,4,1,3,4,1,3,2,4,2,1,3,2,4,3,2,4,2,2,3,3,1,4,2,2,2,1,2,1,1,3,2,2,3,4,2,4,4,3,3,1,2,1,4,3,1,4,2,3,2,4,3,3,4,3,2,2,2,1,2,4,3,3,3,3,1,3,4,2,2,4,3,3,2,3,3,3,2,3,4,1,3,2,3,4,1,4,4,4,2,4,2,2,1,4,3,3,4,3,3,3,3,1,1,2,4,3,3,3,2,3,1,1,3,3,4,2,2,4,3,1,4,1,3,4,3,2,4,3,2,4,3,2,4,1,4,4,4,3,2,2,3,3,4,3,4,2,3,1,4,3,2,2,1,2,2,1,2,2,2,1,2,3,4,2,1,2,2,3,3,3,3,3,1,3,2,4,3,2,2,3,2,2,2,3,3,4,2,2,1,2,3,4,4,4,3,3,1,2,4,4,1,2,4,1,3,4,2,4,2,2,4,2,1,3,4,2,2,3,3,3,2,4,2,2,1,1,1,2,1,3,1,1,2,1,4,4,2,1,3,2,4,3,1,4,2,1
49,2,2,2,2,4,1,2,3,1,2,3,3,2,3,2,4,3,3,4,1,3,4,1,3,2,4,2,1,3,2,4,3,2,4,2,2,3,3,1,4,2,2,2,1,2,1,1,3,2,2,3,4,2,4,4,3,3,1,2,1,4,3,1,4,2,3,2,4,3,3,4,3,2,2,2,1,2,4,3,3,3,3,1,3,4,2,2,4,3,3,2,3,3,3,2,1,4,1,3,2,3,4,1,4,4,4,2,4,2,2,1,4,3,3,4,3,3,3,3,1,1,2,4,3,3,3,2,3,1,1,3,3,4,2,2,4,3,1,4,1,3,4,3,2,4,3,2,4,3,2,4,1,4,4,4,3,2,2,3,3,4,3,4,2,3,1,2,3,2,2,1,2,2,1,2,2,2,1,2,3,4,2,1,2,2,3,3,3,3,3,1,3,2,4,3,2,2,3,2,2,2,1,3,4,2,2,3,2,3,4,4,4,3,3,1,2,4,4,1,2,4,1,1,4,2,4,2,2,4,2,1,3,4,2,2,3,3,3,2,4,2,2,1,1,1,2,1,3,1,1,2,1,4,4,2,1,3,2,4,3,1,4,2,1
50,2,2,2,2,4,1,2,3,1,2,3,3,2,3,2,4,3,3,4,1,3,4,1,3,2,4,2,1,3,2,4,3,2,4,2,2,3,3,1,4,2,2,2,1,2,1,1,3,2,2,3,4,2,4,4,3,3,1,2,1,4,3,1,4,2,3,2,4,3,3,4,3,2,2,2,1,2,4,3,3,3,3,1,3,4,2,2,4,3,3,2,3,3,3,2,1,4,1,3,2,3,4,1,4,4,4,2,4,2,2,1,4,3,3,4,3,3,3,3,1,1,2,4,3,3,3,2,3,1,1,3,3,4,2,2,4,3,1,4,1,3,4,3,2,4,3,2,4,3,2,4,1,4,4,4,3,2,2,3,3,4,3,4,2,3,1,2,3,2,2,1,2,2,1,2,2,2,1,2,3,4,2,1,2,2,3,3,3,3,3,1,3,2,4,3,2,2,3,2,2,2,1,3,4,2,2,3,2,3,4,4,4,3,3,1,2,4,4,1,2,4,1,3,1,2,4,2,2,4,2,1,3,4,2,2,3,3,3,2,4,2,2,1,1,1,2,1,3,1,1,2,1,4,4,2,1,3,2,4,3,1,4,2,1
51,2,2,2,2,4,1,2,3,1,2,3,3,2,3,2,4,3,3,4,1,3,4,1,3,2,4,2,1,3,2,4,3,2,4,2,2,3,3,1,4,2,2,2,1,2,1,1,3,2,2,3,4,2,4,4,3,3,1,2,1,4,3,1,4,2,3,2,4,3,3,4,3,2,2,2,1,2,4,3,3,3,3,1,3,4,2,2,4,3,3,2,3,3,3,2,3,4,1,3,2,3,4,1,4,4,4,2,4,2,2,1,4,3,3,4,3,3,3,3,1,1,2,4,3,3,3,2,3,1,1,3,3,4,2,2,4,3,1,4,1,3,4,3,2,4,3,2,4,3,2,4,1,4,4,4,3,2,2,3,3,4,3,4,2,3,1,2,3,3,2,3,2,2,1,2,2,2,1,2,3,4,2,1,2,2,3,3,3,3,3,1,3,2,4,3,2,2,3,2,2,2,1,3,4,2,2,1,2,3,4,4,4,3,3,1,2,4,4,1,2,4,1,3,4,2,4,2,2,4,2,1,3,4,2,2,3,3,3,2,4,2,2,1,1,1,2,1,3,1,1,2,1,4,4,2,1,3,2,4,3,1,4,2,1
52,2,2,2,2,4,1,2,3,4,2,3,3,2,3,2,4,3,3,4,1,3,4,1,3,2,4,2,1,3,2,4,3,2,4,2,2,3,3,1,4,2,2,2,1,2,1,1,3,2,2,3,4,2,4,4,3,3,1,2,1,4,3,1,4,2,3,2,4,3,3,4,3,2,2,2,1,2,4,3,3,3,3,1,3,4,2,2,4,3,3,2,3,3,3,2,1,4,1,3,2,3,4,1,4,4,4,2,4,2,2,1,4,3,3,4,3,3,3,3,1,1,2,4,3,3,3,2,3,1,1,3,3,4,2,2,4,3,1,4,1,3,4,3,2,4,3,2,4,3,2,4,1,4,4,4,3,2,2,3,3,4,3,4,2,3,1,2,3,2,2,1,2,2,1,2,2,2,1,2,3,4,2,1,2,2,3,3,3,3,3,1,3,2,4,3,2,2,3,2,2,2,1,1,4,2,2,3,2,3,4,4,4,3,3,1,2,4,4,3,2,4,1,3,4,2,4,4,2,4,2,1,3,4,2,2,3,3,3,2,4,2,2,1,1,1,2,1,3,1,1,2,1,4,4,2,1,3,2,4,3,1,4,2,1
53,2,2,2,2,4,1,2,3,1,2,3,3,2,3,2,4,3,3,4,1,3,4,1,3,2,4,2,1,3,2,4,3,2,4,2,2,3,3,1,4,2,2,2,1,2,1,1,3,2,2,3,4,2,4,4,3,3,1,2,1,4,3,1,4,2,3,2,4,3,3,4,3,2,2,2,1,2,4,3,3,3,3,1,3,4,2,2,4,3,3,2,3,3,3,2,1,4,1,3,2,3,4,1,4,4,4,2,4,2,2,1,4,3,3,4,3,3,3,3,1,1,2,4,3,3,3,4,3,1,1,3,3,4,2,2,4,3,1,4,1,3,4,3,2,4,3,2,4,3,2,4,1,4,4,4,3,2,2,3,3,4,3,4,2,3,1,2,3,2,2,1,2,2,1,2,2,2,1,2,3,4,2,1,2,2,3,3,3,3,3,1,3,2,4,3,2,2,3,2,2,2,1,3,4,2,2,1,2,3,4,4,4,3,3,1,2,4,4,1,2,4,1,3,4,2,4,2,2,4,2,1,3,4,2,2,3,3,3,2,4,2,2,1,1,1,2,1,3,1,1,2,1,4,4,2,1,3,2,4,3,1,4,2,1
54,2,2,2,2,4,1,2,3,1,2,3,3,2,3,2,4,3,3,4,1,3,4,1,3,2,4,2,1,3,2,4,3,2,4,2,2,3,3,1,4,2,2,2,1,2,1,1,3,2,2,3,4,2,4,4,3,3,1,2,1,4,3,1,4,2,3,2,4,3,3,4,3,2,2,2,1,2,4,3,3,3,3,1,3,4,2,2,4,3,3,2,3,3,3,2,1,4,1,3,2,3,4,1,4,4,4,2,4,2,2,1,4,3,3,4,3,3,3,1,1,1,2,4,3,3,3,2,3,1,1,3,3,4,2,2,4,3,1,4,1,3,4,3,2,4,3,2,4,3,2,4,1,4,4,4,3,2,2,3,3,4,3,4,2,3,1,2,3,2,2,1,2,2,1,2,2,2,1,2,3,4,2,1,2,2,3,3,3,3,3,1,3,2,4,3,2,2,3,2,2,2,1,3,4,2,2,1,2,3,4,4,4,3,3,1,2,4,4,1,2,4,1,3,4,2,4,2,2,4,2,1,3,4,2,2,3,3,3,2,4,2,2,1,1,1,2,1,3,1,1,2,1,4,4,2,1,3,2,4,3,1,4,2,1
55,2,2,2,2,4,1,2,3,1,2,3,3,2,3,2,4,3,3,4,1,3,4,1,3,2,4,2,1,3,2,4,3,2,4,2,2,3,3,1,4,2,2,2,1,2,1,1,3,2,2,3,4,2,4,4,3,3,1,2,1,4,3,1,4,2,3,2,4,3,3,4,3,2,2,2,1,2,4,3,3,3,3,1,3,4,2,2,4,3,3,2,3,3,3,2,1,4,1,3,2,3,4,1,4,4,4,2,4,2,2,1,4,3,3,4,3,3,3,3,1,1,2,4,3,3,3,2,3,1,1,3,3,4,2,2,4,3,1,4,1,3,4,3,2,4,3,2,4,3,2,4,1,4,4,4,3,2,2,3,3,2,3,4,2,3,1,2,3,2,2,1,2,2,1,2,2,2,1,2,3,4,2,1,2,2,3,3,3,3,3,1,3,2,4,3,2,2,3,2,2,2,3,3,4,2,2,1,2,3,4,4,4,3,3,1,2,4,4,1,2,4,1,3,4,2,4,2,2,4,2,1,3,4,2,2,3,3,3,2,4,2,2,1,1,1,2,1,3,1,1,2,1,4,4,2,1,3,2,4,3,1,4,2,1
56,2,2,2,2,4,1,2,3,1,2,3,3,2,3,2,4,3,3,4,1,3,4,1,3,2,4,2,1,3,2,4,3,2,4,2,2,3,3,1,4,2,2,2,1,2,1,1,3,2,2,3,4,2,4,4,3,3,1,2,1,4,3,1,4,2,3,2,4,3,3,4,3,2,2,2,1,2,4,3,3,3,3,1,3,4,2,2,4,3,3,2,3,3,3,2,1,4,1,3,2,3,4,1,4,4,4,2,4,2,2,1,4,3,3,4,3,3,3,3,1,1,2,4,3,3,3,2,3,1,1,3,3,4,2,2,4,3,1,4,1,3,4,3,2,4,3,2,4,3,2,4,1,4,4,4,3,2,2,3,3,4,3,4,2,3,1,2,3,2,2,1,2,2,1,2,2,2,1,2,3,4,2,1,2,2,3,3,3,3,3,1,3,2,4,3,2,2,3,2,2,2,1,3,4,2,2,1,2,3,4,4,4,3,3,1,2,4,4,1,2,4,2,3,4,2,4,2,2,4,2,1,3,4,2,2,3,3,3,2,4,2,2,1,1,1,2,1,3,1,1,2,1,4,4,2,1,3,2,4,3,1,4,2,1
57,2,2,2,2,4,1,2,3,1,2,3,3,2,3,2,4,3,3,4,1,3,4,1,3,2,4,2,1,3,2,4,3,2,4,2,2,3,3,1,4,2,2,2,1,2,1,1,3,2,2,3,4,2,4,4,3,3,1,2,1,4,3,1,4,2,3,2,4,3,3,4,3,2,2,2,1,2,4,3,3,3,3,1,3,4,2,2,4,3,3,2,3,3,3,2,1,4,1,3,2,3,4,1,4,4,4,2,4,2,2,1,4,3,3,4,3,3,3,3,1,1,2,4,3,3,3,2,3,1,1,3,3,4,2,2,4,3,1,4,1,3,4,3,2,4,3,2,4,3,2,4,1,4,4,4,3,2,4,3,3,4,3,4,2,3,1,2,3,2,2,1,2,2,1,2,2,2,1,2,3,4,2,1,2,2,3,3,3,3,3,1,3,2,4,3,2,2,3,2,2,2,3,3,4,2,2,1,2,3,4,4,4,3,3,1,2,4,4,1,2,4,1,3,4,2,4,2,2,4,2,1,3,4,2,2,3,3,3,2,4,2,2,1,1,1,2,1,3,1,1,2,1,4,4,2,1,3,2,4,3,1,4,2,1
58,2,2,2,2,4,1,2,3,1,2,3,3,2,3,2,4,3,3,4,1,3,4,1,3,2,4,2,1,3,2,4,3,2,4,2,2,3,3,1,4,4,2,2,1,2,1,1,3,2,2,3,4,2,4,4,3,3,1,2,1,4,3,1,4,2,3,2,4,3,3,4,3,2,2,2,1,2,4,3,3,3,3,1,3,4,2,2,4,3,3,2,3,3,3,2,1,4,1,3,2,3,4,1,4,4,4,2,4,2,2,1,4,3,3,4,3,3,3,3,1,1,2,4,3,3,3,2,3,1,1,3,3,4,2,2,4,3,1,4,1,3,4,3,2,4,3,2,4,3,2,4,1,4,4,4,3,2,2,3,3,4,3,4,2,3,1,2,3,2,2,1,2,2,1,2,2,2,1,2,3,4,2,1,2,2,3,3,3,3,3,1,3,2,4,3,2,2,3,2,2,2,3,3,4,2,2,1,2,3,4,4,4,3,3,1,2,4,4,1,2,4,1,3,4,2,4,2,2,4,2,1,3,4,2,2,3,3,3,2,4,2,2,1,1,1,2,1,3,1,1,2,1,4,4,2,1,3,2,4,3,1,4,2,1
59,2,2,2,2,4,1,2,3,1,2,3,3,2,3,2,4,3,3,4,1,3,4,1,3,2,4,2,1,3,2,4,3,2,4,2,2,3,3,1,4,2,2,2,1,2,1,1,3,2,2,3,4,2,4,4,3,3,1,2,1,4,3,1,4,2,3,2,4,3,3,4,3,2,2,2,1,2,4,3,3,3,3,1,3,4,2,2,4,3,3,2,3,3,3,2,1,4,1,3,2,3,4,1,4,4,4,2,4,2,2,1,4,3,3,4,3,3,3,3,1,1,2,4,3,3,3,2,3,1,1,3,3,4,2,2,4,3,1,4,1,3,4,3,2,4,3,2,4,3,2,4,1,4,4,4,3,2,2,3,3,4,3,4,2,3,1,2,3,2,2,1,2,2,1,2,2,2,1,2,3,4,2,1,2,2,3,3,3,3,3,1,3,2,4,3,2,2,3,2,2,2,3,3,4,2,2,3,2,3,4,4,4,3,3,1,2,4,4,3,2,4,1,3,4,2,4,2,2,4,2,1,3,4,2,2,3,3,3,2,4,2,2,1,1,1,2,1,3,1,1,2,1,4,4,2,1,3,2,4,3,1,4,2,1
60,2,2,2,2,4,1,2,3,4,2,3,3,2,3,2,4,3,3,4,1,3,4,1,3,2,4,2,1,3,2,4,3,2,4,2,2,3,3,1,4,2,2,2,1,2,1,1,3,2,2,3,4,2,4,4,3,3,1,2,1,4,3,1,4,2,3,2,4,3,3,4,3,2,2,2,1,2,4,3,3,3,3,1,3,4,2,2,4,3,3,2,3,3,3,2,1,4,1,3,2,3,4,1,4,4,4,2,4,2,2,1,4,3,3,4,3,3,3,3,1,1,2,4,3,3,3,2,3,1,1,3,3,4,2,2,4,3,1,4,1,3,4,3,2,4,3,2,4,3,2,4,1,4,4,4,3,2,2,3,3,4,3,4,2,3,1,2,3,2,2,1,2,2,1,2,2,2,1,2,3,4,2,1,2,2,3,3,3,3,3,1,3,2,4,3,2,2,3,2,2,2,1,1,4,2,2,1,2,3,4,4,4,3,3,1,2,4,4,1,2,4,1,3,4,2,4,2,2,4,2,1,3,4,2,2,3,3,3,2,4,2,2,1,1,1,2,1,3,1,1,2,1,4,4,2,1,3,2,4,3,1,4,2,1
61,2,2,2,2,4,1,2,3,1,2,3,3,2,3,2,4,3,3,4,1,3,4,1,3,2,4,2,1,3,2,4,3,2,4,2,2,3,3,1,4,2,2,2,1,2,1,1,3,2,2,3,4,2,4,4,3,3,1,2,1,4,3,1,4,2,3,2,4,3,3,4,3,2,2,2,1,2,4,3,3,3,3,1,3,4,2,2,4,3,3,2,3,3,3,2,1,4,1,3,2,3,4,1,4,4,4,2,4,2,2,1,4,3,3,4,3,3,3,3,1,1,2,4,3,3,3,2,3,1,1,3,3,4,2,2,4,3,1,4,1,3,4,3,2,4,3,4,4,3,2,4,1,4,4,4,3,2,2,3,3,4,3,4,4,3,1,2,3,2,2,1,2,2,1,2,2,2,1,2,3,4,2,1,2,2,3,3,3,3,3,1,3,2,4,3,2,2,3,2,2,2,3,3,4,2,2,1,2,3,4,4,4,3,3,1,2,4,4,1,2,4,1,3,4,2,4,2,2,4,2,1,3,4,2,2,3,3,3,2,4,2,2,1,1,1,2,1,3,1,1,2,1,4,4,2,1,3,2,4,3,1,4,2,1
62,2,2,2,2,4,1,2,3,1,2,3,3,2,3,2,4,3,3,4,1,3,4,1,3,2,4,2,1,3,2,4,3,2,4,2,2,3,3,1,4,2,2,2,1,2,1,1,3,2,2,1,4,2,4,4,3,3,1,2,1,4,3,1,4,2,3,2,4,3,3,4,3,2,4,2,1,2,4,3,3,3,3,1,3,4,2,2,4,3,3,2,3,3,3,2,1,4,1,3,2,3,4,1,4,4,4,2,4,2,2,1,4,3,3,4,3,3,3,3,1,1,2,4,3,3,3,2,3,1,1,3,3,4,2,2,4,3,3,4,1,3,4,3,2,4,3,2,4,3,2,4,1,4,4,4,3,2,2,3,3,2,3,4,2,3,1,2,3,2,1,1,2,2,1,2,4,2,1,2,1,2,2,1,2,4,3,3,3,3,3,1,1,2,2,3,2,2,3,2,2,1,3,3,4,2,2,1,2,3,4,4,4,3,1,2,2,4,4,3,4,4,1,3,3,4,4,4,4,4,2,1,2,3,2,2,1,3,3,2,2,2,2,1,1,1,2,1,3,3,1,2,1,4,2,2,1,3,2,4,3,1,4,2,1
63,2,2,2,2,4,1,2,3,1,2,3,3,2,3,2,4,3,3,4,1,3,4,1,3,2,4,2,1,3,2,4,3,2,4,2,2,3,3,1,4,2,2,2,1,2,1,1,3,2,2,1,4,2,4,4,3,3,1,2,1,4,3,1,4,2,3,2,4,3,3,4,3,2,4,2,1,2,4,3,3,3,3,1,3,4,2,2,4,3,3,2,3,3,3,2,1,4,1,3,2,3,4,1,4,4,4,2,4,2,2,1,4,3,3,4,3,3,3,3,1,1,2,4,3,3,3,2,3,1,1,3,3,4,2,2,4,3,3,4,1,3,4,3,2,4,3,2,4,3,2,4,1,4,4,4,3,2,2,3,3,2,3,4,2,3,1,2,3,2,1,1,2,2,1,2,4,2,1,2,1,2,2,1,2,4,3,3,3,3,3,1,1,2,2,3,2,2,3,2,2,1,3,3,4,2,2,1,2,3,4,4,4,3,1,2,2,4,4,3,4,4,1,3,3,4,4,4,4,4,2,1,2,3,2,2,1,3,3,2,2,2,2,1,1,3,2,1,3,3,1,2,1,4,2,2,1,3,2,4,3,1,4,2,1
64,2,2,2,2,4,1,2,3,1,2,3,3,2,3,2,4,3,3,4,1,3,4,1,3,2,4,2,1,3,2,4,3,2,4,2,2,3,3,1,4,2,2,2,1,2,1,1,3,2,2,1,4,2,4,4,3,3,1,2,1,4,3,1,4,2,3,2,4,3,3,4,3,2,4,2,1,2,4,3,3,3,3,1,3,4,2,2,4,3,3,2,3,3,3,2,1,4,1,3,2,3,4,1,4,4,4,2,4,2,2,1,4,3,3,4,3,3,3,3,1,1,2,4,3,3,3,2,3,1,1,3,3,4,2,2,4,3,3,4,1,3,4,3,2,4,3,2,4,3,2,4,1,4,4,4,3,2,2,3,3,2,3,4,2,3,1,2,3,2,1,1,2,2,1,2,4,2,1,2,1,2,2,1,2,4,3,3,3,3,3,1,1,2,2,3,2,2,3,2,2,1,3,3,4,2,2,1,2,3,4,4,4,3,1,2,2,4,4,3,4,4,1,3,3,4,4,4,4,4,2,1,2,3,2,2,1,3,3,2,2,2,2,1,1,2,2,1,3,3,1,2,1,4,2,2,1,3,2,4,3,1,4,2,1
65,2,2,2,2,4,1,2,3,1,2,3,3,2,3,2,4,3,3,4,1,3,4,1,3,2,4,2,1,3,2,4,3,2,4,2,2,3,3,1,4,2,2,2,1,2,1,1,3,2,2,1,4,2,4,4,3,3,1,2,1,4,3,1,4,2,3,2,4,3,3,4,3,2,4,2,1,2,4,3,3,3,3,1,3,4,2,2,4,3,3,2,3,3,3,2,1,4,1,3,2,3,4,1,4,4,4,2,4,2,2,1,4,3,3,4,3,3,3,3,1,1,2,4,3,3,3,2,3,1,1,3,3,4,2,2,4,3,3,4,1,3,4,3,2,4,3,2,4,3,2,4,1,4,4,4,3,2,2,3,3,2,3,4,2,3,1,2,3,2,1,1,2,2,1,2,4,2,1,2,1,2,2,1,2,4,3,3,3,3,3,1,1,2,2,3,2,2,3,2,2,1,3,3,4,2,2,1,2,3,4,4,4,3,1,2,2,4,4,3,4,4,1,3,3,4,4,4,4,4,2,1,2,3,2,2,1,3,3,2,2,2,2,1,1,1,2,1,3,3,1,2,1,4,2,2,1,1,2,4,3,1,4,2,1
66,2,2,2,2,4,1,2,3,1,2,3,3,2,3,2,4,3,3,4,1,3,4,1,3,2,4,2,1,3,2,4,3,2,4,2,2,3,3,1,4,2,2,2,1,2,1,1,3,2,2,1,4,2,4,4,3,3,1,2,1,4,3,1,4,2,3,2,4,3,3,4,3,2,4,2,1,2,4,3,3,3,3,1,3,4,2,2,4,3,3,2,3,3,3,2,1,4,1,3,2,3,4,1,4,4,4,2,4,2,2,1,4,3,3,4,3,3,3,3,1,1,2,4,3,3,3,2,3,1,1,3,3,4,2,2,4,3,3,4,1,3,4,3,2,4,3,2,4,3,2,4,1,4,4,4,3,2,2,3,3,2,3,4,2,3,1,2,3,2,1,1,2,2,1,2,4,2,1,2,1,2,2,1,2,4,3,3,3,3,3,1,3,2,2,3,2,2,3,2,2,1,3,3,4,2,2,1,2,3,4,4,4,3,1,2,4,4,4,3,4,4,1,3,3,4,4,4,2,4,2,3,2,3,2,2,1,3,3,2,2,2,2,1,1,2,2,1,3,3,1,2,1,4,2,2,1,3,2,4,3,1,4,2,1
67,2,2,2,2,4,1,2,3,1,2,3,3,2,3,2,4,3,3,4,1,3,4,1,3,2,4,2,1,3,2,4,3,2,4,2,2,3,3,1,4,2,2,2,1,2,1,1,3,2,2,1,4,2,4,4,3,3,1,2,1,4,3,1,4,2,3,2,4,3,3,4,3,2,4,2,1,2,4,3,3,3,3,1,3,4,2,2,4,3,3,2,3,3,3,2,1,4,1,3,2,3,4,1,4,4,4,2,4,2,2,1,4,3,3,4,3,3,3,3,1,1,2,4,3,3,3,2,3,1,1,3,3,4,2,2,4,3,3,4,1,3,4,3,2,4,3,2,4,3,2,4,1,4,4,4,3,2,2,3,3,2,3,4,2,3,1,2,3,2,1,1,2,2,1,2,4,2,1,2,1,2,2,1,2,4,3,3,3,3,3,1,1,2,2,3,2,2,3,2,2,1,3,3,4,2,2,1,2,3,4,4,4,3,1,2,2,4,4,3,4,4,1,3,3,4,4,4,4,4,2,3,4,3,2,2,1,3,3,2,2,2,2,1,1,2,2,1,3,3,1,2,1,4,2,2,1,3,2,4,3,1,4,2,1
68,2,2,2,2,4,1,2,3,1,2,3,3,2,3,2,4,3,3,4,1,3,4,1,3,2,4,2,1,3,2,4,3,2,4,2,2,3,3,1,4,2,2,2,1,2,1,1,3,2,2,1,4,2,4,4,3,3,1,2,1,4,3,1,4,2,3,2,4,3,3,4,3,2,4,2,1,2,4,3,3,3,3,1,3,4,2,2,4,3,3,2,3,3,3,2,1,4,1,3,2,3,4,1,4,4,4,2,4,2,2,1,4,3,3,4,3,3,3,3,1,1,2,4,3,3,3,2,3,1,1,3,3,4,2,2,4,3,3,4,1,3,4,3,2,4,3,2,4,3,2,4,1,4,4,4,3,2,2,3,3,2,3,4,2,3,1,2,3,2,1,1,2,2,1,2,4,2,1,2,1,2,2,1,2,4,3,3,3,3,3,1,1,2,2,3,2,2,3,2,2,1,3,3,4,2,2,1,2,3,4,4,4,1,1,2,4,4,4,3,4,4,3,3,3,2,4,4,4,4,2,1,1,3,2,2,1,3,3,2,2,2,2,1,1,2,2,1,3,3,1,2,1,4,2,2,1,3,2,4,3,1,4,2,1
69,2,2,2,2,4,1,2,3,1,2,3,3,2,3,2,4,3,3,4,1,3,4,1,3,2,4,2,1,3,2,4,3,2,4,2,2,3,3,1,4,2,2,2,1,2,1,1,3,2,2,1,4,2,4,4,3,3,1,2,1,4,3,1,4,2,3,2,4,3,3,4,3,2,4,2,1,2,4,3,3,3,3,1,3,4,2,2,4,3,3,2,3,3,3,2,1,4,1,3,2,3,4,1,4,4,4,2,4,2,2,1,4,3,3,4,3,3,3,3,1,1,2,4,3,3,3,2,3,1,1,3,3,4,2,2,4,3,3,4,1,3,4,3,2,4,3,2,4,3,2,4,1,4,4,4,3,2,2,3,3,2,3,4,2,3,1,2,3,2,1,1,2,2,1,2,4,2,1,2,1,2,2,1,2,4,3,3,3,3,3,1,1,2,2,3,2,2,3,2,2,1,3,3,4,2,2,1,2,3,4,4,4,1,3,2,2,4,4,3,4,4,1,3,3,2,4,4,4,4,2,3,1,3,2,2,1,3,3,2,2,2,2,1,1,2,2,1,3,3,1,2,1,4,2,2,1,3,2,4,3,1,4,2,1
70,2,2,2,2,4,1,2,3,1,2,3,3,2,3,2,4,3,3,4,1,3,4,1,3,2,4,2,1,3,2,4,3,2,4,2,2,3,3,1,4,2,2,2,1,2,1,1,3,2,2,1,4,2,4,4,3,3,1,2,1,4,3,1,4,2,3,2,4,3,3,4,3,2,4,2,1,2,4,3,3,3,3,1,3,4,2,2,4,3,3,2,3,3,3,2,1,4,1,3,2,3,4,1,4,4,4,2,4,2,2,1,4,3,3,4,3,3,3,3,1,1,2,4,3,3,3,2,3,1,1,3,3,4,2,2,4,3,3,4,1,3,4,3,2,4,3,2,4,3,2,4,1,4,4,4,3,2,2,3,3,2,3,4,2,3,1,2,3,2,1,1,2,2,1,2,4,2,1,2,1,2,2,1,2,4,3,3,3,3,3,1,1,2,2,3,2,2,3,2,2,1,3,3,4,2,2,1,2,3,4,4,4,3,1,2,2,4,4,3,4,4,1,3,3,4,4,4,4,4,2,1,1,3,2,2,1,3,3,2,2,2,2,1,1,1,2,1,3,3,1,2,1,4,2,2,1,3,2,4,3,1,4,2,1
71,2,2,2,2,4,1,2,3,1,2,3,3,2,3,2,4,3,3,4,1,3,4,1,3,2,4,2,1,3,2,4,3,2,4,2,2,3,3,1,4,2,2,2,1,2,1,1,3,2,2,1,4,2,4,4,3,3,1,2,1,4,3,1,4,2,3,2,4,3,3,4,3,2,4,2,1,2,4,3,3,3,3,1,3,4,2,2,4,3,3,2,3,3,3,2,1,4,1,3,2,3,4,1,4,4,4,2,4,2,2,1,4,3,3,4,3,3,3,3,1,1,2,4,3,3,3,2,3,1,1,3,3,4,2,2,4,3,3,4,1,3,4,3,2,4,3,2,4,3,2,4,1,4,4,4,3,2,2,3,3,2,3,4,2,3,1,2,3,2,1,1,2,2,1,2,4,2,1,2,1,2,2,1,2,4,3,3,3,3,3,1,1,2,2,3,2,2,3,2,2,1,1,3,4,2,2,1,2,3,4,4,4,1,1,2,2,4,4,3,4,4,3,3,3,4,4,4,4,4,2,1,1,3,2,2,1,3,3,2,2,2,2,1,1,2,2,1,3,3,1,2,1,4,2,2,1,3,2,4,3,1,4,2,1
72,2,2,2,2,4,1,2,3,1,2,3,3,2,3,2,4,3,3,4,1,3,4,1,3,2,4,2,1,3,2,4,3,2,4,2,2,3,3,1,4,2,2,2,1,2,1,1,3,2,2,1,4,2,4,4,3,3,1,2,1,4,3,1,4,2,3,2,4,3,3,4,3,2,4,2,1,2,4,3,3,3,3,1,3,4,2,2,4,3,3,2,3,3,3,2,1,4,1,3,2,3,4,1,4,4,4,2,4,2,2,1,4,3,3,4,3,3,3,3,1,1,2,4,3,3,3,2,3,1,1,3,3,4,2,2,4,3,3,4,1,3,4,3,2,4,3,2,4,3,2,4,1,4,4,4,3,2,2,3,3,2,3,4,2,3,1,2,3,2,1,1,2,2,1,2,4,2,1,2,1,2,2,1,2,4,3,3,3,3,3,1,1,2,2,3,2,2,3,2,2,1,3,3,4,2,2,3,2,3,4,4,4,3,1,2,2,4,4,3,4,4,1,3,3,4,4,4,4,4,2,1,2,3,2,2,1,3,3,2,2,2,2,1,1,3,2,1,3,3,1,2,1,4,2,2,1,3,2,4,3,1,4,2,1
73,2,2,2,2,4,1,2,3,1,2,3,3,2,3,2,4,3,3,4,1,3,4,1,3,2,4,2,1,3,2,4,3,2,4,2,2,3,3,1,4,2,2,2,1,2,1,1,3,2,2,1,4,2,4,4,3,3,1,2,1,4,3,1,4,2,3,2,4,3,3,4,3,2,4,2,1,2,4,3,3,3,3,1,3,4,2,2,4,3,3,2,3,3,3,2,1,4,1,3,2,3,4,1,4,4,4,2,4,2,2,1,4,3,3,4,3,3,3,3,1,1,2,4,3,3,3,2,3,1,1,3,3,4,2,2,4,3,3,4,1,3,4,3,2,4,3,2,4,3,2,4,1,4,4,4,3,2,2,3,3,2,3,4,2,3,1,2,3,2,1,1,2,2,1,2,4,2,1,2,1,2,2,1,2,4,3,3,3,3,3,1,3,2,2,3,2,2,3,2,2,1,3,3,4,2,2,1,2,3,4,4,4,1,1,2,4,4,4,3,4,4,1,3,4,4,4,4,2,4,2,3,2,3,2,2,1,3,3,2,2,2,2,1,1,2,2,1,3,3,1,2,1,4,2,2,1,3,2,4,3,1,4,2,1
74,2,2,2,2,4,1,2,3,1,2,3,3,2,3,2,4,3,3,4,1,3,4,1,3,2,4,2,1,3,2,4,3,2,4,2,2,3,3,1,4,2,2,2,1,2,1,1,3,2,2,1,4,2,4,4,3,3,1,2,1,4,3,1,4,2,3,2,4,3,3,4,3,2,4,2,1,2,4,3,3,3,3,1,3,4,2,2,4,3,3,2,3,3,3,2,1,4,1,3,2,3,4,1,4,4,4,2,4,2,2,1,4,3,3,4,3,3,3,3,1,1,2,4,3,3,3,2,3,1,1,3,3,4,2,2,4,3,3,4,1,3,4,3,2,4,3,2,4,3,2,4,1,4,4,4,3,2,2,3,3,2,3,4,2,3,1,2,3,2,1,1,2,2,1,2,4,2,1,2,1,2,2,1,2,4,3,3,3,3,3,1,1,2,2,3,2,2,3,2,2,1,3,3,4,2,2,1,2,3,4,4,4,3,1,2,4,4,4,3,4,4,3,3,3,2,4,4,4,4,2,1,1,3,2,2,1,3,3,2,2,2,2,1,1,2,2,1,3,3,1,2,1,4,2,2,1,3,2,4,3,1,4,2,1
75,2,2,2,2,4,1,2,3,1,2,3,3,2,3,2,4,3,3,4,1,3,4,1,3,2,4,2,1,3,2,4,3,2,4,2,2,3,3,1,4,2,2,2,1,2,1,1,3,2,2,1,4,2,4,4,3,3,1,2,1,4,3,1,4,2,3,2,4,3,3,4,3,2,4,2,1,2,4,3,3,3,3,1,3,4,2,2,4,3,3,2,3,3,3,2,1,4,1,1,2,3,4,1,4,4,4,2,4,2,2,1,4,3,3,4,3,3,3,3,1,1,2,4,3,3,3,2,3,1,1,3,3,4,2,2,4,3,3,4,1,3,4,3,2,4,3,2,4,3,2,4,1,4,4,4,3,2,2,3,3,2,3,4,2,3,1,2,3,2,1,1,2,2,1,2,4,2,1,2,1,2,2,1,2,4,3,3,3,3,3,1,1,2,2,3,2,2,3,2,2,1,3,3,4,2,2,1,2,3,4,4,4,3,1,2,2,4,4,3,4,4,1,3,3,4,4,4,4,4,2,1,2,3,2,2,1,3,3,2,2,2,2,1,1,1,2,1,3,3,1,2,1,4,2,2,1,3,2,4,3,1,4,2,1
76,2,2,2,2,4,1,2,3,1,2,3,3,2,3,2,4,3,3,4,1,3,4,1,3,2,4,2,1,3,2,4,3,2,4,2,2,3,3,1,4,2,2,2,1,2,1,1,3,2,2,1,4,2,4,4,3,3,1,2,1,4,3,1,4,2,3,2,4,3,3,4,3,2,4,2,1,2,4,3,3,3,3,1,3,4,2,2,4,3,3,2,3,3,3,2,1,4,1,3,2,3,4,1,4,4,4,2,4,2,2,1,4,3,3,4,3,3,3,3,1,1,2,4,3,3,3,2,3,1,1,3,3,4,2,2,4,3,3,4,1,3,4,3,2,4,3,2,4,3,2,4,1,4,4,4,3,2,2,3,3,2,3,4,2,3,1,2,3,2,1,1,2,2,1,2,4,2,1,2,1,2,2,1,2,4,3,3,3,3,3,1,1,2,2,3,2,2,3,2,2,1,1,3,4,2,2,1,2,3,4,4,4,3,1,2,2,4,4,3,4,4,1,3,3,4,4,4,4,4,2,1,1,3,2,2,1,3,3,2,2,2,2,1,1,2,2,1,3,3,1,2,1,4,2,2,1,3,2,4,3,1,4,2,1
77,2,2,2,2,4,1,2,3,1,2,3,3,2,3,2,4,3,3,4,1,3,4,1,3,2,4,2,1,3,2,4,3,2,4,2,2,3,3,1,4,2,2,2,1,2,1,1,3,2,2,1,4,2,4,4,3,3,1,2,1,4,3,1,4,2,3,2,4,3,3,4,3,2,4,2,1,2,4,3,3,3,3,1,3,4,2,2,4,3,3,2,3,3,3,2,1,4,1,3,2,3,4,1,4,4,4,2,4,2,2,1,4,3,3,2,3,3,3,3,1,1,2,4,3,3,3,2,3,1,1,3,3,4,2,2,4,3,3,4,1,3,4,3,2,4,3,2,4,3,2,4,1,4,4,4,3,2,2,3,3,2,3,4,2,3,1,2,3,2,1,1,2,2,1,2,4,2,1,2,1,2,2,1,2,4,3,3,3,3,3,1,1,2,2,3,2,2,3,2,2,1,3,3,4,2,2,1,2,3,4,4,4,3,1,2,2,4,4,3,4,4,1,3,3,4,4,4,4,4,2,1,2,3,2,2,1,3,3,2,2,2,2,1,1,2,2,1,3,3,1,2,1,4,2,2,1,3,2,4,3,1,4,2,1
78,2,2,2,2,4,1,2,3,1,2,3,3,2,3,2,4,3,3,4,1,3,4,1,3,2,4,2,1,3,2,4,3,2,4,2,2,3,3,1,4,2,2,2,1,2,1,1,3,2,2,1,4,2,4,4,3,3,1,2,1,4,3,1,4,2,3,2,4,3,3,4,3,2,4,2,1,2,4,3,3,3,3,1,3,4,2,2,4,3,3,2,3,3,3,2,1,4,1,3,2,3,4,1,4,4,4,2,4,2,2,1,4,3,3,4,3,3,3,3,1,1,2,4,3,3,3,2,3,1,1,3,3,4,2,2,4,3,3,4,1,3,4,3,2,4,3,2,4,3,2,4,1,4,4,4,3,2,2,3,3,2,3,4,2,3,1,2,3,2,1,1,2,2,1,2,4,2,1,2,1,2,2,1,2,4,3,3,3,3,3,1,1,2,2,3,2,2,3,2,2,1,3,3,4,2,2,1,2,3,4,4,4,3,1,2,2,4,4,3,4,4,1,3,3,4,4,4,2,4,2,1,2,3,2,2,1,3,3,2,2,2,2,1,1,3,2,1,3,3,1,2,1,4,2,2,1,3,2,4,3,1,4,2,1
79,2,2,2,2,4,1,2,3,1,2,3,3,2,3,2,4,3,3,4,1,3,4,1,3,2,4,2,1,3,2,4,3,2,4,2,2,3,3,1,4,2,2,2,1,2,1,1,3,2,2,1,4,2,4,4,3,3,1,2,1,4,3,1,4,2,3,2,4,3,3,4,3,2,4,2,1,2,4,3,3,3,3,1,3,4,2,2,4,3,3,2,3,3,3,2,1,4,1,3,2,3,4,1,4,4,4,2,4,2,2,1,4,3,3,4,3,3,3,3,1,1,2,4,3,3,3,2,3,1,1,3,3,4,2,2,4,3,3,4,1,3,4,3,2,4,3,2,4,3,2,4,1,4,4,4,3,2,2,3,3,2,3,4,2,3,1,2,3,2,1,1,2,2,1,2,4,2,1,2,1,2,2,1,2,4,3,3,3,3,3,1,3,2,2,3,2,2,3,2,2,1,3,3,4,2,2,1,2,3,4,4,4,3,1,2,2,4,4,3,4,4,1,3,3,4,4,4,2,4,2,3,2,3,2,2,1,3,3,2,2,2,2,1,1,3,2,1,3,3,1,2,1,4,2,2,1,3,2,4,3,1,4,2,1
80,2,2,2,2,4,1,2,3,1,2,3,3,2,3,2,4,3,3,4,1,3,4,1,3,2,4,2,1,3,2,4,3,2,4,2,2,3,3,1,4,2,2,2,1,2,1,1,3,2,2,1,4,2,4,4,3,3,1,2,1,4,3,1,4,2,3,2,4,3,3,4,3,2,4,2,1,2,4,3,3,3,3,1,3,4,2,2,4,3,3,2,3,3,3,2,1,4,1,3,2,3,4,1,4,4,4,2,4,2,2,1,4,3,3,4,3,3,3,3,1,1,2,4,3,3,3,2,3,1,1,3,3,4,2,2,4,3,3,4,1,3,4,3,2,4,3,4,4,3,2,4,1,4,4,4,3,2,2,3,3,2,3,4,2,3,1,2,3,2,1,1,2,2,1,2,4,2,1,2,1,2,2,1,2,4,3,3,3,3,3,1,1,2,2,3,2,2,3,2,2,1,3,3,4,2,2,1,2,3,4,4,4,3,1,2,2,4,4,3,4,4,1,3,3,4,4,4,4,4,2,1,2,3,2,2,1,3,3,2,2,2,2,1,1,3,2,1,3,3,1,2,1,4,2,2,1,3,2,4,3,1,4,2,1
81,2,2,2,2,2,2,2,1,1,2,2,2,2,2,2,4,3,3,4,1,3,4,3,3,2,4,2,1,3,2,4,3,2,4,4,1,3,3,1,4,2,2,2,3,2,1,1,3,2,2,1,4,2,4,4,3,3,1,2,1,4,3,1,4,2,3,2,2,3,3,4,3,2,4,2,1,2,4,3,3,3,3,1,3,4,2,2,4,1,3,2,3,3,3,2,1,4,1,3,2,3,4,1,4,4,4,2,4,2,2,1,4,3,3,4,3,3,3,1,1,1,2,4,3,3,3,2,3,1,1,3,3,4,2,2,4,3,1,4,1,3,4,3,2,4,3,4,4,3,2,4,3,4,4,4,4,2,2,1,3,2,3,4,2,3,1,4,3,2,3,3,1,3,1,2,2,2,1,2,1,2,2,1,2,3,3,3,3,3,3,3,3,2,3,3,2,4,3,2,4,2,1,2,3,2,2,1,4,3,4,4,4,3,3,1,2,4,2,1,2,2,2,3,2,4,4,3,2,4,2,1,3,2,2,2,3,3,3,2,3,2,2,1,1,3,2,1,3,1,1,4,1,4,2,2,1,3,2,4,3,1,4,2,1
82,2,2,2,2,2,2,2,1,1,2,3,2,2,2,2,4,3,3,4,1,3,4,3,3,2,4,2,1,3,2,4,3,2,4,4,1,3,3,1,4,2,2,2,3,2,1,1,3,2,2,1,4,2,4,4,3,3,1,2,1,4,3,1,4,2,3,2,2,3,3,4,3,2,4,2,1,2,4,3,3,3,3,1,3,4,2,2,4,1,3,2,3,3,3,2,1,4,1,3,2,3,4,1,4,4,4,2,4,2,2,1,4,3,3,4,3,3,3,1,1,1,2,4,3,3,3,2,3,1,1,3,3,4,2,2,4,3,1,4,1,3,4,3,2,4,3,4,4,3,2,4,3,4,4,4,4,2,2,1,3,2,3,4,2,3,1,4,3,2,3,3,1,3,1,2,2,2,1,2,1,2,2,1,2,3,3,3,3,3,3,3,3,2,3,3,2,4,3,2,4,2,1,2,3,2,2,1,4,3,4,4,4,3,3,1,2,4,2,1,2,2,2,3,2,4,4,3,2,4,2,1,3,2,2,2,3,3,3,2,3,2,2,1,1,3,2,1,3,1,1,4,1,4,2,2,1,3,2,4,3,1,4,2,1
83,2,2,2,2,2,2,2,1,1,2,3,3,2,2,2,2,3,3,4,1,3,4,1,3,2,4,2,1,3,2,4,3,2,4,4,1,3,3,1,4,2,2,2,3,2,1,1,3,2,2,1,4,2,4,4,3,3,1,2,1,4,1,1,4,2,3,2,2,3,3,4,3,2,2,2,1,2,4,3,3,3,3,1,3,4,2,2,4,1,3,2,3,3,3,2,1,4,1,3,2,3,4,1,4,4,1,2,4,2,2,1,4,3,3,4,3,3,3,1,1,1,2,4,3,3,3,2,3,1,1,3,3,4,2,2,4,3,1,4,1,3,4,3,2,4,3,4,4,3,2,4,3,4,4,4,3,2,2,1,3,2,3,4,2,3,1,2,3,2,3,2,1,3,1,2,2,2,1,2,3,4,2,1,4,3,3,3,3,3,3,3,2,3,4,1,4,4,3,2,4,2,1,2,3,2,2,3,2,3,3,2,1,4,2,1,4,4,2,3,2,2,1,1,2,2,4,4,4,4,2,1,3,2,2,1,3,3,3,2,3,2,2,1,1,3,2,1,1,1,1,4,1,4,2,2,1,3,2,4,3,1,4,2,1
84,2,2,2,2,2,2,2,1,1,2,3,2,2,2,2,4,3,3,4,1,3,4,3,3,2,4,2,1,3,2,4,3,4,4,4,1,3,3,1,4,2,2,2,3,2,1,1,3,2,2,1,4,2,4,4,3,3,1,2,1,4,3,1,4,2,3,2,2,3,3,4,3,2,4,2,1,2,4,3,3,3,3,1,3,4,2,2,4,1,3,2,3,3,3,2,1,4,1,3,2,3,4,1,4,4,4,2,4,2,2,1,4,3,3,4,3,3,3,1,1,1,2,4,3,3,3,2,3,1,1,3,3,4,2,2,4,3,1,4,1,3,4,3,2,4,3,4,4,3,2,4,3,4,4,4,4,2,2,1,3,2,3,4,2,3,1,4,3,2,3,3,1,3,1,2,2,2,1,2,1,2,2,1,2,3,3,3,3,3,3,3,3,2,3,3,2,4,3,2,4,2,1,2,3,2,2,1,4,3,4,4,4,3,3,1,2,4,2,1,2,2,2,3,2,4,4,3,2,4,2,1,3,2,2,2,3,3,3,2,3,2,2,1,1,3,2,1,3,1,1,4,1,4,2,2,1,3,2,4,3,1,4,2,1
85,2,2,2,2,2,1,2,1,1,2,3,3,2,3,2,4,3,3,4,1,3,4,1,3,2,4,2,1,3,2,4,3,2,4,4,1,3,3,1,4,2,2,2,3,2,1,1,3,2,2,1,4,2,4,4,3,3,1,2,1,4,3,1,4,2,3,2,2,3,3,4,1,2,2,2,1,2,4,3,3,3,3,1,3,4,2,2,4,1,3,2,3,3,3,2,1,4,1,3,2,3,4,1,4,4,4,2,4,2,2,1,4,3,3,4,3,3,3,1,1,1,2,4,3,3,3,2,3,1,1,3,3,4,2,2,4,3,1,4,1,3,4,3,2,4,3,4,4,3,4,4,3,4,4,2,3,2,2,1,3,2,3,4,2,3,1,4,3,2,3,3,1,3,1,2,2,3,4,2,1,4,2,4,2,3,3,3,3,3,3,3,1,3,4,3,2,4,3,2,4,2,3,2,1,2,2,1,2,3,4,2,3,3,2,3,2,4,2,3,2,2,3,3,2,2,4,4,4,4,2,1,1,2,1,2,3,3,3,2,3,2,2,1,1,3,2,1,3,1,1,4,1,4,2,2,1,3,2,4,3,1,4,2,1
86,2,2,2,2,2,1,2,1,1,2,3,3,2,2,2,4,3,3,4,1,3,4,3,3,2,4,2,1,3,2,4,3,2,4,4,1,3,3,1,4,2,2,2,3,2,1,1,3,2,2,1,4,2,4,4,3,3,1,2,1,4,3,1,4,2,3,2,2,3,3,4,3,2,4,2,1,2,4,3,3,3,3,1,3,4,2,2,4,1,3,2,3,3,3,2,1,4,1,3,2,3,4,1,4,4,4,2,4,2,2,1,4,3,3,4,3,3,3,1,1,1,2,4,3,3,3,2,3,1,1,3,3,4,2,2,4,3,1,4,1,3,4,3,2,4,3,4,4,3,2,4,3,4,4,4,4,2,2,1,3,2,3,4,2,3,1,4,3,2,3,3,1,3,1,2,2,2,1,2,1,2,2,1,2,3,3,3,3,3,3,3,3,2,3,3,2,4,3,2,4,2,1,2,3,2,2,1,4,3,4,4,4,3,3,1,2,4,2,1,2,2,2,3,2,4,4,3,2,4,2,1,3,2,2,2,3,3,3,2,3,2,2,1,1,3,2,1,1,1,1,4,1,4,2,2,1,3,2,4,3,1,4,2,1
87,2,2,2,2,2,1,2,1,1,2,3,3,2,2,2,4,3,3,4,1,3,4,3,3,2,4,2,1,3,2,4,3,2,4,4,1,3,3,1,4,2,2,2,3,2,1,1,3,2,2,1,4,2,4,4,3,3,1,2,1,4,3,1,4,2,3,2,2,3,3,4,3,2,4,2,1,2,4,3,3,3,3,1,3,4,2,2,4,1,3,2,3,3,3,2,1,4,1,3,2,3,4,1,4,4,4,2,4,2,2,1,4,3,3,4,3,3,3,1,1,1,2,4,3,3,3,2,3,1,1,3,3,4,2,2,4,3,1,4,1,3,4,3,2,4,3,4,4,3,2,4,3,4,4,4,4,2,2,1,3,2,3,4,2,3,1,4,3,2,3,3,1,3,1,2,2,2,1,2,1,2,2,1,2,3,3,3,3,3,3,3,3,2,3,3,2,4,3,2,4,2,1,2,3,2,2,1,4,3,4,4,4,3,3,1,2,4,2,1,2,2,2,3,2,4,4,3,2,4,2,1,3,2,2,2,3,3,3,2,3,2,2,1,1,3,2,1,3,1,1,4,1,4,2,2,1,3,2,4,3,1,4,2,1
88,2,2,2,2,2,1,2,1,1,2,3,3,2,2,2,4,3,3,4,1,3,4,1,3,2,4,2,1,3,2,4,3,2,4,4,1,3,3,1,4,2,2,2,3,2,1,1,3,2,2,1,4,2,4,4,3,3,1,2,1,4,3,1,4,2,3,2,4,3,3,4,3,2,2,2,1,2,4,3,3,3,3,1,3,4,2,2,4,1,3,2,3,3,3,2,1,4,1,3,2,3,4,1,4,4,1,2,4,2,2,1,4,3,3,4,3,3,3,1,1,1,2,4,3,3,3,2,3,1,1,3,3,4,2,2,4,3,1,4,1,3,4,3,2,4,3,4,4,3,2,4,3,4,4,4,3,2,2,1,3,2,3,4,4,3,1,4,3,2,3,2,1,3,1,2,2,2,1,2,3,4,2,1,4,3,3,3,3,3,3,3,2,3,4,3,4,4,3,2,4,2,1,2,3,2,2,3,2,3,3,2,1,4,2,1,4,4,2,3,2,2,1,1,2,2,4,4,4,4,2,1,3,2,2,1,3,3,3,2,3,2,2,1,1,3,2,1,3,1,1,4,1,4,2,2,1,3,2,4,3,1,4,2,1
89,2,2,2,2,2,1,2,1,1,2,3,3,2,2,2,4,3,3,4,1,3,4,1,3,2,4,2,1,3,2,4,3,2,4,4,1,3,3,1,4,2,2,2,3,2,1,1,3,2,2,1,4,2,4,4,3,3,1,2,1,4,3,1,4,2,3,2,2,3,3,4,3,2,4,2,1,2,4,3,3,3,3,1,3,4,2,2,4,1,3,2,3,3,3,2,1,4,1,3,2,3,4,1,4,4,4,2,4,2,2,1,4,3,3,4,3,3,3,1,1,1,2,4,3,3,3,2,3,1,1,3,3,4,2,2,4,3,1,4,1,3,4,3,2,4,3,4,4,3,2,4,3,4,4,4,4,2,2,1,3,2,3,4,2,3,1,4,3,2,3,3,1,3,1,2,2,2,1,2,1,2,2,1,2,3,3,3,3,3,3,3,3,2,3,3,2,4,3,2,4,2,1,2,1,2,2,1,4,3,4,4,4,3,3,1,2,4,2,1,2,2,2,3,2,4,4,4,4,4,2,1,1,2,2,2,3,3,3,2,3,2,2,1,1,3,2,1,3,1,1,4,1,4,2,2,1,3,2,4,3,1,4,2,1
90,2,2,2,2,2,1,2,1,1,2,3,2,2,2,2,4,3,3,4,1,3,4,1,3,2,4,2,1,3,2,4,3,2,4,4,1,3,3,1,4,2,2,2,3,2,1,1,3,2,2,1,4,2,4,4,3,3,1,2,1,4,3,1,4,2,3,2,2,3,3,4,3,2,2,2,1,2,4,3,3,3,3,1,3,4,2,2,4,1,3,2,3,3,3,2,1,4,1,3,2,3,4,1,4,4,4,2,4,2,2,1,4,3,3,4,3,3,3,1,1,1,2,4,3,3,3,2,3,1,1,3,3,4,2,2,4,3,1,4,1,3,4,3,2,4,3,4,4,3,2,4,3,4,4,4,4,2,2,1,3,2,3,4,4,3,1,4,3,2,3,2,1,3,1,2,2,2,1,2,1,2,2,1,2,3,3,3,3,3,3,3,3,2,3,3,2,4,3,2,4,2,1,2,3,2,2,1,4,3,4,4,1,4,2,1,4,4,2,1,2,2,2,1,2,4,4,4,4,4,2,1,3,2,2,2,3,3,3,2,3,2,2,1,1,3,2,1,1,1,1,4,1,4,2,2,1,3,2,4,3,1,4,2,1
91,2,2,2,2,2,2,2,1,1,2,3,3,2,2,2,4,3,3,4,1,3,4,1,3,2,4,2,1,3,2,4,3,2,4,4,1,3,3,1,4,2,2,2,3,2,1,1,3,2,2,1,4,2,4,4,3,3,1,2,1,4,3,1,4,2,3,2,4,3,3,4,3,2,2,2,1,2,4,3,3,3,3,1,3,4,2,2,4,1,3,2,3,3,3,2,1,4,1,3,2,3,4,1,4,4,1,2,4,2,2,1,4,3,3,4,3,3,3,1,1,1,2,4,3,3,3,2,3,1,1,3,3,4,2,2,4,3,1,4,1,3,4,3,2,4,3,4,4,3,2,4,3,4,4,4,3,2,2,1,3,2,3,4,4,3,1,4,3,2,3,2,1,3,1,2,2,2,1,2,3,4,2,1,4,3,3,3,3,3,3,3,2,3,4,3,4,4,3,2,4,2,1,2,3,2,2,3,2,3,3,2,1,4,2,1,4,4,2,3,2,2,1,1,2,4,4,4,4,4,2,1,3,2,2,1,3,3,3,2,3,2,2,1,1,3,2,1,3,1,1,4,1,4,2,2,1,3,2,4,3,1,4,2,1
92,2,2,2,2,2,1,2,1,1,2,3,3,2,2,2,4,3,3,4,1,3,4,1,3,2,4,2,1,3,2,4,3,2,4,4,1,3,3,1,4,2,2,2,3,2,1,1,3,2,2,1,4,2,4,4,3,3,1,2,1,4,3,1,4,2,3,2,2,3,3,4,3,2,2,2,1,2,4,3,3,3,3,1,3,4,2,2,4,1,3,2,3,3,3,2,1,4,1,3,2,3,4,1,4,4,4,2,4,2,2,1,4,3,3,4,3,3,3,1,1,1,2,4,3,3,3,2,3,1,1,3,3,4,2,2,4,3,1,4,1,3,4,3,2,4,3,4,4,3,4,4,3,4,4,4,4,2,2,1,3,2,3,4,2,2,1,4,3,2,3,3,1,3,1,2,2,3,4,2,3,4,2,4,2,3,3,3,3,3,3,3,1,3,4,3,2,4,3,2,4,2,3,2,1,2,2,1,2,3,4,2,3,3,2,3,2,4,2,3,2,2,3,3,2,2,4,4,4,4,2,1,1,2,1,2,3,3,3,2,3,2,2,1,1,3,2,1,3,1,1,4,1,4,2,2,1,3,2,4,3,1,4,2,1
93,2,2,2,2,2,1,2,1,1,2,3,3,2,3,2,4,3,3,4,1,3,4,1,3,2,4,2,1,3,2,4,3,2,4,4,1,3,3,1,4,2,2,2,3,2,1,1,3,2,2,1,4,2,4,4,3,3,1,2,1,4,3,1,4,2,3,2,2,3,3,4,3,2,2,2,1,2,4,3,3,3,3,1,3,4,2,2,4,1,3,2,3,3,3,2,1,4,1,3,2,3,4,1,4,4,4,2,4,2,2,1,4,3,3,4,3,3,3,1,1,1,2,4,3,3,3,2,3,1,1,3,3,4,2,2,4,3,1,4,1,3,4,3,2,4,3,4,4,3,4,4,3,4,4,2,3,2,2,1,3,2,3,4,4,3,1,4,3,2,3,3,1,3,1,2,2,3,4,2,3,4,2,4,2,3,3,3,3,3,3,3,1,3,4,3,2,4,3,2,4,2,3,2,1,2,2,1,2,3,4,2,3,3,2,3,2,4,2,3,2,2,3,3,2,2,4,4,4,4,2,1,1,2,1,2,3,3,3,2,3,2,2,1,1,3,2,1,3,1,1,4,1,4,2,2,1,3,2,4,3,1,4,2,1
94,2,2,2,2,2,1,2,1,1,2,3,3,2,2,2,4,3,3,4,1,3,4,3,3,2,4,2,1,3,2,4,3,2,4,4,1,3,3,1,4,2,2,2,3,2,1,1,3,2,2,1,4,2,4,4,3,3,1,2,1,4,3,1,4,2,3,2,2,3,3,4,3,2,4,2,1,2,4,3,3,3,3,1,3,4,2,2,4,1,3,2,3,3,3,2,1,4,1,3,2,3,4,1,4,4,4,2,4,2,2,1,4,3,3,4,3,3,3,1,1,1,2,4,3,3,3,2,3,1,1,3,3,4,2,2,4,3,1,4,3,3,4,3,2,4,3,4,4,3,2,4,3,4,4,4,4,2,2,1,3,2,3,4,2,3,1,4,3,2,3,3,1,3,1,2,2,2,1,2,1,2,2,1,2,3,3,3,3,3,3,3,3,2,3,3,2,4,3,2,4,2,1,2,3,2,2,1,4,3,4,4,4,3,3,1,2,4,2,1,2,2,2,3,2,4,4,3,2,4,2,1,3,2,2,2,3,3,3,2,3,2,2,1,1,3,2,1,3,1,1,4,1,4,2,2,1,3,2,4,3,1,4,2,1
95,2,4,2,2,2,1,2,1,1,2,3,2,2,2,2,4,3,3,4,1,3,4,3,3,2,4,2,1,3,2,4,3,2,4,4,1,3,3,1,4,2,2,2,3,2,1,1,3,2,2,1,4,2,4,4,3,3,1,2,1,4,3,1,4,2,3,2,2,3,3,4,3,2,4,2,1,2,4,3,3,3,3,1,3,4,2,2,4,1,3,2,3,3,3,2,1,4,1,3,2,3,4,1,4,4,4,2,4,2,2,1,4,3,3,4,3,3,3,1,1,1,2,4,3,3,3,2,3,1,1,3,3,4,2,2,4,3,1,4,1,3,4,3,2,4,3,4,4,3,2,4,3,4,4,4,3,2,2,1,3,2,3,4,2,3,1,4,3,2,3,3,1,3,1,2,2,2,1,2,1,2,2,1,2,3,3,3,3,3,3,3,3,2,3,3,2,4,3,2,4,2,1,2,3,2,2,1,2,3,4,4,4,3,3,1,2,4,2,2,2,2,2,3,2,4,4,4,4,4,2,1,1,3,2,2,3,3,3,2,2,2,2,1,1,3,2,1,3,1,1,4,1,4,2,2,1,3,2,4,3,3,4,2,1
96,2,2,2,2,2,1,2,1,1,2,3,3,2,2,2,4,3,3,4,1,3,4,1,3,2,4,2,1,3,2,4,3,2,4,4,1,3,3,1,4,2,2,2,3,2,1,1,3,2,2,1,4,2,4,4,3,3,1,2,1,4,3,1,4,2,3,2,2,3,3,4,3,2,2,2,1,2,4,3,3,3,3,1,3,4,2,2,4,1,3,2,3,3,3,2,1,4,1,3,2,3,4,1,4,4,1,2,4,2,2,1,4,3,3,4,3,3,3,1,1,1,2,4,3,3,3,2,3,1,1,3,3,4,2,2,4,3,1,4,1,3,4,3,2,4,3,4,4,3,2,4,3,4,4,4,3,2,4,1,3,2,3,4,2,3,1,4,3,2,3,2,1,3,1,2,2,2,1,2,3,4,2,1,4,3,3,3,3,3,3,3,2,3,4,3,4,4,3,2,4,2,1,2,3,2,2,3,2,3,3,2,1,4,2,1,4,4,2,3,2,2,1,1,2,2,4,4,4,4,2,1,3,2,2,1,3,3,3,2,3,2,2,1,1,3,2,1,3,1,1,4,1,4,2,2,1,3,2,4,3,1,4,2,1
97,2,2,2,2,2,2,2,1,1,2,3,3,2,2,2,4,3,3,4,1,3,4,3,3,2,4,2,1,3,2,4,3,2,4,4,1,3,3,1,4,2,2,2,3,2,1,1,3,2,2,1,4,2,4,4,3,3,1,2,1,4,3,1,4,2,3,2,2,3,3,4,3,2,4,2,1,2,4,3,3,3,3,1,3,4,2,2,4,1,3,2,3,3,3,2,1,4,1,3,2,3,4,1,4,4,4,2,4,2,2,1,4,3,3,4,3,3,3,1,1,1,2,4,3,3,3,2,3,1,1,3,3,4,2,2,4,3,1,4,1,3,4,3,2,4,3,4,4,3,2,4,3,4,4,4,4,2,2,1,3,2,3,4,2,3,1,4,3,2,3,3,1,3,1,2,2,2,1,2,1,2,2,1,2,3,3,3,3,3,3,3,3,2,3,3,2,4,3,2,4,2,1,2,2,2,2,1,4,3,4,4,4,3,3,1,2,4,2,1,2,2,2,3,2,4,4,3,2,4,2,1,3,2,2,2,3,3,3,2,3,2,2,1,1,3,2,1,3,1,1,4,1,4,2,2,1,3,2,4,3,1,4,2,1
98,2,2,2,2,2,1,2,1,1,2,3,3,2,3,2,4,3,3,4,1,3,4,3,3,2,4,2,1,3,2,4,3,2,4,4,1,3,3,1,4,2,2,2,3,2,1,1,3,2,2,1,4,2,4,4,3,3,1,2,1,4,3,1,4,2,3,2,2,3,3,4,3,2,4,2,1,2,4,3,3,3,3,1,3,4,2,2,4,1,3,2,3,3,3,2,1,4,1,3,2,3,4,1,4,4,4,2,4,2,2,1,4,3,3,4,3,3,3,1,1,1,2,4,3,3,3,2,3,1,1,3,3,4,2,2,4,3,1,4,1,3,4,3,2,4,3,4,4,3,2,4,3,4,4,4,3,2,2,1,3,2,3,4,2,3,1,4,3,2,3,3,1,3,1,2,2,2,1,2,1,2,2,1,2,3,3,3,3,3,3,3,3,2,3,3,2,4,3,2,4,2,1,2,3,2,2,1,2,3,4,4,4,3,3,1,2,4,2,3,2,2,1,3,2,4,4,4,4,4,2,1,1,3,2,2,3,3,3,2,2,2,2,1,1,3,2,1,3,1,1,4,1,4,2,2,1,3,2,4,3,1,4,2,1
99,2,2,2,2,2,1,2,1,1,2,3,3,2,3,2,4,3,3,4,1,3,4,3,3,2,4,2,1,3,2,4,3,2,4,4,1,3,3,1,4,2,2,2,1,2,1,1,3,2,2,1,4,2,4,4,3,3,1,2,1,4,3,1,4,2,3,2,2,3,3,4,3,2,4,2,1,2,4,3,3,3,3,1,3,4,2,2,4,1,3,2,3,3,3,2,1,4,1,3,2,3,4,1,4,4,4,2,4,2,2,1,4,3,3,4,3,3,3,1,1,1,2,4,3,3,3,2,3,1,1,3,3,4,2,2,4,3,1,4,1,3,4,3,2,4,3,4,4,3,2,4,3,4,4,4,4,2,2,1,3,2,3,4,2,3,1,4,3,2,3,3,1,3,1,2,2,2,1,2,1,2,2,1,2,3,3,3,3,3,3,3,3,2,3,3,2,4,3,2,4,2,1,2,3,2,2,1,4,3,4,4,4,3,3,1,2,4,2,1,2,2,2,3,2,4,4,3,2,4,2,1,3,2,2,2,3,3,3,2,3,2,2,1,1,3,2,1,3,1,1,4,1,4,2,2,1,3,2,4,3,1,4,2,1
100,2,2,2,2,2,1,2,1,1,2,3,3,2,3,2,4,3,3,4,1,3,4,1,3,2,4,2,1,3,2,4,3,2,4,4,1,3,3,1,4,2,2,2,3,2,1,1,3,2,2,1,2,2,4,4,3,3,1,2,1,4,3,1,4,2,3,2,2,3,3,4,3,2,2,2,1,2,2,3,3,3,3,1,3,4,2,2,4,1,3,2,3,3,3,2,1,4,1,3,2,3,4,1,4,4,4,2,4,2,2,1,4,3,3,4,3,3,3,1,1,1,2,4,3,3,3,2,3,1,1,3,3,4,2,2,4,3,1,4,1,3,4,3,2,4,3,4,4,3,4,4,3,4,4,2,3,2,2,1,3,2,3,4,2,3,1,4,3,2,3,3,1,3,1,2,2,3,4,2,3,4,2,4,2,3,3,3,3,3,3,3,1,3,4,3,2,4,3,2,4,2,3,2,1,2,2,1,2,3,4,2,3,3,2,3,2,4,2,3,2,2,3,3,2,2,4,4,4,4,2,1,1,2,1,2,3,3,3,2,3,2,2,1,1,3,2,1,3,1,1,4,1,4,2,2,1,3,2,4,3,1,4,2,1
101,2,2,2,2,2,1,2,1,1,2,3,3,2,3,2,4,3,3,4,1,3,4,1,3,2,4,2,1,3,2,4,3,2,4,4,1,3,3,1,4,2,2,2,3,2,1,1,3,2,2,1,4,2,4,4,3,3,1,2,1,4,3,1,4,2,3,2,2,3,3,4,3,2,2,2,1,2,4,3,3,3,3,1,3,4,2,2,4,1,3,2,3,3,3,2,1,4,1,3,2,3,4,1,4,4,1,2,4,2,2,1,4,3,3,4,3,3,3,1,1,1,2,4,3,3,3,2,1,1,1,3,3,4,2,2,4,3,1,4,1,3,4,3,2,4,3,4,4,3,2,4,3,4,4,4,3,2,2,1,3,2,3,4,4,3,1,4,3,2,3,2,1,3,1,2,2,2,1,2,3,4,2,1,4,3,3,3,3,3,3,3,2,3,4,1,4,4,3,2,4,2,1,2,3,2,2,3,2,3,3,2,1,4,2,1,4,4,2,3,2,2,1,1,2,2,4,4,4,4,2,1,3,2,2,1,3,3,3,2,3,2,2,1,1,3,2,1,3,1,1,4,1,4,2,2,1,3,2,4,3,1,4,2,1
102,2,2,2,2,2,1,2,1,1,2,3,3,2,2,2,4,3,3,4,1,3,4,3,3,2,4,2,1,3,2,4,3,2,4,4,1,3,3,1,4,2,2,2,3,2,1,1,3,2,2,1,4,2,4,4,3,3,1,4,1,4,3,1,4,2,3,2,2,3,3,4,3,2,4,2,1,2,4,3,3,3,3,1,3,4,2,2,4,1,3,2,3,3,3,2,1,4,1,3,2,3,4,1,4,4,4,2,4,2,2,1,4,3,3,4,3,3,3,1,1,1,2,4,3,3,3,2,3,1,1,3,3,4,2,2,4,3,1,4,1,3,4,3,2,4,3,4,4,3,2,4,3,4,4,4,4,2,2,1,3,2,3,4,2,3,1,4,3,2,3,3,1,3,1,2,2,2,1,2,1,2,2,1,2,3,3,3,3,3,3,3,3,2,3,3,2,4,3,2,4,2,1,2,3,2,2,1,4,3,4,4,4,3,3,1,2,4,2,1,2,2,2,3,2,4,4,3,2,4,2,1,3,2,2,2,3,3,3,2,3,2,2,1,1,3,2,1,1,1,1,4,1,4,2,2,1,3,2,4,3,1,4,2,1
103,2,2,2,2,2,1,2,1,1,2,3,3,2,3,2,4,3,3,4,1,3,4,3,3,2,4,2,1,3,2,4,3,2,4,4,1,3,3,1,4,2,2,2,3,2,1,1,3,2,2,1,4,2,4,4,3,3,1,2,1,4,3,1,4,2,3,2,2,3,3,4,3,2,4,2,1,2,4,3,3,3,3,1,3,4,2,2,4,1,3,2,3,3,3,2,1,4,1,3,2,3,4,1,4,4,4,2,4,2,2,1,4,3,3,4,3,3,3,1,1,1,2,4,3,3,3,2,3,1,1,3,3,4,2,2,4,3,1,4,1,3,4,3,2,4,3,4,4,3,2,4,1,4,4,4,4,2,2,1,3,2,3,4,2,3,1,4,3,2,3,3,1,3,1,2,2,2,1,2,1,2,2,1,2,3,3,3,3,3,3,3,3,2,3,3,2,4,3,2,4,2,1,2,3,2,2,1,4,3,4,4,4,3,3,1,2,4,2,1,2,2,1,3,2,4,4,4,4,4,2,1,3,2,2,2,3,3,3,2,2,2,2,1,1,3,2,1,3,1,1,4,1,4,2,2,1,3,2,4,3,1,4,2,1
104,2,2,2,2,2,1,2,1,1,2,3,3,2,3,2,4,3,3,4,1,3,4,1,3,2,4,2,1,3,2,4,3,2,4,4,1,3,3,1,4,2,2,2,3,2,1,1,3,2,2,1,4,2,4,4,3,3,1,2,1,4,3,1,4,2,3,2,2,3,3,4,3,2,2,2,1,2,4,3,3,3,3,1,3,4,2,2,4,1,3,2,3,3,3,2,1,4,1,3,2,3,4,1,4,4,1,2,4,2,2,1,4,3,3,4,3,3,3,1,1,1,2,4,3,3,3,2,3,1,1,3,3,4,2,2,4,3,1,4,1,3,4,3,2,4,3,4,4,3,2,4,3,4,4,4,3,2,2,1,3,2,3,4,2,3,1,4,3,2,3,2,1,3,1,2,2,2,1,2,3,4,2,1,4,3,3,3,3,3,3,3,2,3,4,3,4,4,3,2,4,2,1,2,3,2,2,3,2,3,3,2,1,4,2,1,4,4,2,3,2,2,1,1,2,2,4,4,4,4,2,1,3,2,2,1,3,3,3,2,3,2,2,1,1,3,2,1,3,1,1,4,1,4,2,2,1,3,2,4,3,1,4,2,1
105,2,2,2,2,2,1,2,1,1,2,3,3,2,3,2,4,3,3,4,1,3,4,1,3,2,4,2,1,3,2,4,3,2,4,4,1,3,3,1,4,2,2,2,3,2,1,1,3,2,2,1,4,2,4,4,3,3,1,2,1,4,3,1,4,2,3,2,2,3,3,4,3,2,2,2,1,2,4,3,3,3,3,1,3,4,2,2,4,1,3,2,3,3,3,2,1,4,1,3,2,3,4,1,4,4,4,4,4,2,2,1,4,3,3,4,3,3,3,1,1,1,2,4,3,3,3,2,3,1,1,3,3,4,2,2,4,3,1,4,1,3,4,3,2,4,3,4,4,3,2,4,3,4,4,4,3,2,2,1,3,2,3,4,2,3,1,4,3,2,3,3,3,3,1,2,2,2,1,2,3,4,2,1,2,3,3,3,3,3,3,3,1,3,2,3,2,4,3,2,4,2,1,2,1,2,2,1,2,3,4,2,4,3,3,1,4,4,4,3,2,2,3,3,2,2,4,4,4,4,2,2,1,3,2,4,3,3,3,2,3,2,2,2,3,3,2,1,3,1,1,4,1,4,2,2,1,3,2,4,3,3,4,2,1
106,2,2,2,2,2,1,2,1,1,2,3,3,2,3,2,4,3,3,4,1,3,4,3,3,2,4,2,1,3,2,4,3,2,4,4,1,3,3,1,4,2,2,2,3,2,1,1,3,2,2,1,4,2,4,4,3,3,1,2,1,4,3,1,4,2,3,2,2,3,3,4,3,2,4,2,1,2,4,3,3,3,3,1,3,4,2,2,4,1,3,2,3,3,3,2,1,4,1,3,2,3,4,1,4,4,4,2,4,2,2,1,4,3,3,4,3,3,3,1,1,1,2,4,3,3,3,2,3,1,1,3,3,4,2,2,4,3,1,4,1,3,4,3,2,4,3,4,4,3,2,4,3,4,4,4,4,2,2,1,3,2,3,4,2,3,1,4,3,2,3,3,1,3,1,2,2,2,1,2,1,2,2,1,2,3,3,3,3,3,3,3,3,2,3,3,2,4,3,2,4,2,1,2,3,2,2,1,4,3,4,4,4,3,3,1,2,4,2,1,2,2,2,3,2,4,4,3,2,4,2,1,3,2,2,2,3,3,3,2,3,2,2,1,1,3,2,1,3,1,1,4,1,4,2,2,1,3,2,4,3,1,4,2,1
107,2,2,2,2,2,1,2,1,1,2,3,3,2,3,2,4,3,3,4,1,3,4,3,3,2,4,2,1,3,2,4,3,2,4,4,1,3,3,1,4,2,2,2,3,2,1,1,3,2,2,1,4,2,4,4,3,3,1,2,1,4,3,1,4,2,3,2,2,3,3,4,3,2,4,2,1,2,4,3,3,3,3,1,3,4,2,2,4,1,3,2,3,3,3,2,1,4,1,3,2,3,4,1,4,4,4,2,4,2,2,1,4,3,3,4,3,3,3,1,1,1,2,4,3,3,3,2,3,1,1,3,3,4,2,2,4,3,1,4,1,3,4,3,2,4,3,4,4,3,2,4,3,4,4,4,4,2,2,1,3,2,3,4,2,3,1,4,3,2,3,3,1,3,1,2,2,2,1,2,1,2,2,1,2,3,3,3,3,3,3,3,3,2,3,3,2,4,3,2,4,2,1,2,3,2,2,1,4,3,4,4,4,3,3,1,2,4,2,1,2,2,2,3,2,4,4,3,2,4,4,1,3,2,2,2,3,3,3,2,3,2,2,1,1,3,2,1,3,1,1,4,1,4,2,2,1,3,2,4,3,1,4,2,1
108,2,2,2,2,2,1,2,1,1,2,3,3,2,3,2,4,3,3,4,1,3,4,1,3,2,4,2,1,3,2,4,3,2,4,4,1,3,3,1,4,2,2,2,3,2,1,1,3,2,2,1,4,2,4,4,3,3,1,2,1,4,3,1,4,2,3,2,4,3,3,4,3,2,2,2,1,2,4,3,3,3,3,1,3,4,2,2,4,1,3,2,3,3,3,2,1,4,1,3,2,3,4,1,4,4,1,2,4,2,2,1,4,3,3,4,3,3,3,1,1,1,2,4,3,3,3,2,3,1,1,3,3,4,2,2,4,3,1,4,1,3,4,3,2,4,3,4,4,3,2,4,3,4,4,4,3,2,2,1,3,2,3,4,4,3,1,4,3,2,3,2,1,3,1,2,2,2,1,2,3,4,2,1,4,3,3,3,3,3,3,3,2,3,4,3,4,4,3,2,4,2,1,2,3,2,2,3,2,3,3,2,1,4,2,1,4,4,2,3,2,2,1,1,2,2,4,4,4,4,2,1,3,2,2,1,1,3,3,2,3,2,2,1,1,3,2,1,3,1,1,4,1,4,2,2,1,3,2,4,3,1,4,2,1
109,2,2,2,2,2,1,2,1,1,2,3,3,2,3,2,4,3,3,4,1,3,4,3,3,2,4,2,1,3,2,4,3,2,4,4,1,3,3,1,4,2,2,2,3,2,1,1,3,2,2,1,4,2,4,4,3,3,1,2,1,4,3,1,4,2,3,2,2,3,3,2,3,2,4,2,1,2,4,3,3,3,3,1,3,4,2,2,4,1,3,2,3,3,3,2,1,4,1,3,2,3,4,1,4,4,4,2,4,2,2,1,4,3,3,4,3,3,3,1,1,1,2,4,3,3,3,2,3,1,1,3,3,4,2,2,4,3,1,4,1,3,4,3,2,4,3,4,4,3,2,4,3,4,4,4,4,2,2,1,3,2,3,4,2,3,1,4,3,2,3,3,1,3,1,2,2,2,1,2,1,2,2,1,2,3,3,3,3,3,3,3,3,2,3,3,2,4,3,2,4,2,1,2,3,2,2,1,4,3,4,4,4,3,3,1,2,4,2,1,2,2,2,3,2,4,4,3,2,4,2,1,3,2,2,2,3,3,3,2,3,2,2,1,1,3,2,1,3,1,1,4,1,4,2,2,1,3,2,4,3,1,4,2,1
110,2,2,2,2,2,1,2,1,1,2,3,3,2,3,2,4,3,3,4,1,3,4,1,3,2,4,2,1,3,2,4,3,2,4,4,1,3,3,1,4,2,2,2,3,2,1,1,3,2,2,1,4,2,4,4,3,3,1,2,1,4,3,1,4,2,3,2,2,3,3,4,3,2,2,2,1,2,4,3,3,3,3,1,3,4,2,2,4,1,3,2,3,3,3,2,1,4,1,3,2,3,4,1,4,4,4,4,4,2,2,1,4,3,3,4,3,3,3,1,1,1,2,4,3,3,3,2,3,1,1,3,3,4,2,2,4,3,1,4,1,3,4,3,2,4,3,4,4,3,2,4,3,4,4,4,3,2,2,1,3,2,3,4,2,3,1,4,3,2,3,3,3,3,1,2,2,2,1,2,3,4,2,1,2,3,3,3,3,3,3,3,1,3,2,3,2,4,3,2,4,2,1,2,1,2,2,1,2,3,4,2,4,3,3,1,4,4,4,3,2,2,3,3,2,2,4,4,4,4,2,1,1,3,2,2,3,3,3,2,3,2,2,2,3,3,2,1,3,1,1,4,1,4,2,2,1,3,2,4,3,3,4,2,1
111,2,2,2,2,2,1,2,1,1,2,3,3,2,3,2,4,3,3,4,1,3,4,1,3,2,4,2,1,3,2,4,3,2,4,4,1,3,3,1,4,2,2,2,3,2,1,1,3,2,2,1,4,2,4,4,3,3,1,2,1,4,3,1,4,2,3,2,4,3,3,4,3,2,2,2,1,2,4,3,3,3,3,1,3,4,2,2,4,1,3,2,3,3,3,2,1,4,1,3,2,3,4,1,4,4,1,2,4,2,2,1,4,3,3,4,3,3,3,1,1,1,2,4,3,3,3,2,3,1,1,3,3,4,2,2,4,3,1,4,1,3,4,3,2,4,3,4,4,3,2,4,3,4,4,4,3,2,2,1,3,2,3,4,4,3,1,4,3,2,3,2,1,3,1,2,2,2,1,2,3,4,2,1,4,3,3,3,3,3,3,3,2,3,4,3,4,4,3,2,4,2,1,2,3,2,2,3,2,3,3,2,1,4,2,1,4,4,2,3,2,2,1,1,2,2,4,4,4,4,2,1,3,2,2,1,3,3,3,2,3,2,2,1,1,3,2,1,3,1,1,4,1,4,2,2,1,3,2,4,3,1,4,2,1
112,2,2,2,2,2,1,2,1,1,2,3,3,2,3,2,4,3,3,4,1,3,4,1,3,2,4,2,1,3,2,4,3,2,4,4,1,3,3,1,4,2,2,2,3,2,1,1,3,2,2,1,4,2,4,4,3,3,1,2,1,4,3,1,4,2,3,2,2,3,3,2,3,2,2,2,1,2,4,3,3,3,3,1,3,4,2,2,4,1,3,2,3,3,3,2,1,4,1,3,2,3,4,1,4,4,4,2,4,2,2,1,4,3,3,4,3,3,3,1,1,1,2,4,3,3,3,2,3,1,1,3,3,4,2,2,4,3,1,4,1,3,4,3,2,4,3,4,4,3,2,4,3,4,4,4,4,2,2,1,3,2,3,4,4,3,1,4,3,2,3,2,1,3,1,2,2,3,4,2,3,4,2,4,2,3,3,3,3,3,3,3,1,1,4,3,2,4,3,2,4,2,3,2,1,2,2,1,2,3,4,2,3,3,2,3,2,4,2,3,2,2,3,3,2,2,4,4,4,4,2,1,1,2,1,2,3,3,3,2,3,2,2,1,1,3,2,1,3,1,1,4,1,4,2,2,1,3,2,4,3,1,4,2,1
113,2,2,2,2,2,1,2,1,1,2,3,3,2,3,2,4,3,3,4,1,3,4,1,3,2,4,2,1,3,2,4,3,2,4,4,1,3,3,1,4,2,2,2,3,2,1,1,3,2,2,1,4,2,4,4,3,3,1,2,1,4,3,1,4,2,3,2,2,3,3,4,3,2,2,2,1,2,4,3,3,3,3,1,3,4,2,2,4,1,3,2,3,3,3,2,1,4,1,3,2,3,4,1,4,4,4,4,4,2,2,1,4,3,3,4,3,3,3,1,1,1,2,4,3,3,3,2,3,1,1,3,3,4,2,2,4,3,1,4,1,3,4,3,2,4,3,4,4,3,2,4,3,4,4,4,3,2,2,1,3,2,3,4,2,3,1,4,3,2,3,3,3,3,1,2,2,2,1,2,3,4,2,1,2,3,3,3,3,3,3,3,1,3,2,3,2,4,3,2,4,2,1,2,1,2,2,1,2,3,4,2,4,3,3,1,4,4,4,3,2,2,3,3,2,2,4,4,4,4,2,1,1,3,2,4,3,3,3,2,3,2,2,2,3,3,2,1,3,1,1,4,1,4,2,2,1,3,2,4,3,3,4,2,1
114,2,2,2,2,2,1,2,1,1,2,3,3,2,3,2,4,3,3,4,1,3,4,3,3,2,4,2,1,3,2,4,3,2,4,4,1,3,3,1,4,2,2,2,3,2,1,1,3,2,2,1,4,2,4,4,3,3,1,2,1,4,3,1,4,2,3,2,2,3,3,2,3,2,4,2,1,2,4,3,3,3,3,1,3,4,2,2,4,1,3,2,3,3,3,2,1,4,1,3,2,3,4,1,4,4,4,2,4,2,2,1,4,3,3,4,3,3,3,1,1,1,2,4,3,3,3,2,3,1,1,3,3,4,2,2,4,3,1,4,1,3,4,3,2,4,3,4,4,3,2,4,3,4,4,4,4,2,2,1,3,2,3,4,2,3,1,4,3,2,3,3,1,3,1,2,2,2,1,2,1,2,2,1,2,3,3,3,3,3,3,3,3,2,3,3,2,4,3,2,2,2,1,2,3,2,2,1,4,3,4,4,4,3,3,1,2,4,2,1,2,2,2,3,2,4,4,3,2,4,2,1,3,2,2,2,3,3,3,2,3,2,2,1,1,3,2,1,3,1,1,4,1,4,2,2,1,3,2,4,3,1,4,2,1
115,2,2,2,2,2,1,2,1,1,2,3,3,2,3,2,4,3,3,4,1,3,4,1,3,2,4,2,1,3,2,4,3,2,4,4,1,3,3,1,4,2,2,2,3,2,1,1,3,2,2,1,4,2,4,4,3,3,1,2,1,4,3,1,4,2,3,2,2,3,3,4,3,2,2,2,1,2,4,3,3,3,3,1,3,4,2,2,4,1,3,2,3,3,3,2,1,4,1,3,2,3,4,1,4,4,4,2,4,2,2,1,4,3,3,4,3,3,3,1,1,1,2,4,3,3,3,2,3,1,1,3,3,4,2,2,4,3,1,4,1,3,4,3,2,4,3,4,4,3,4,4,3,4,4,2,3,2,2,1,3,2,3,4,2,3,1,4,3,2,3,3,1,3,1,2,2,3,4,2,3,4,2,4,2,3,3,3,3,3,3,3,1,3,4,3,2,4,3,2,4,2,3,2,1,2,2,1,2,3,4,2,3,3,2,3,2,4,2,3,2,2,3,3,2,2,4,4,4,4,2,1,1,2,1,2,3,3,3,2,3,2,2,1,1,3,2,1,3,1,1,4,1,4,2,2,1,3,2,4,3,1,4,2,1
116,2,2,2,2,2,2,2,1,1,2,3,2,2,2,2,4,3,3,4,1,3,4,1,3,2,4,2,1,3,2,4,3,2,4,4,1,3,3,1,4,2,2,2,3,2,1,1,3,2,2,1,4,2,4,4,3,3,1,2,1,4,3,1,4,2,3,2,2,3,3,4,3,2,2,2,1,2,4,3,3,3,3,1,3,4,2,2,4,1,3,2,3,3,3,2,1,4,1,3,2,3,4,1,4,4,4,2,4,2,2,1,4,3,3,4,3,3,3,1,1,1,2,4,3,3,3,2,3,1,1,3,3,4,2,2,4,3,1,4,1,3,4,3,2,4,3,4,4,3,4,4,3,4,4,2,3,2,2,1,3,2,3,4,2,3,1,4,3,2,3,3,1,3,1,2,2,3,4,2,3,4,2,4,2,3,3,3,3,3,3,3,1,1,4,3,2,4,3,2,4,2,3,2,1,2,2,1,2,3,4,2,3,3,2,3,2,4,2,3,2,2,3,3,2,2,4,4,4,4,2,1,1,2,1,2,3,3,3,2,3,2,2,1,1,3,2,1,3,1,1,4,1,4,2,2,1,3,2,4,3,1,4,2,1
117,2,2,2,2,2,1,2,1,1,2,3,3,2,3,2,4,3,3,4,1,3,4,3,3,2,4,2,1,3,2,4,3,2,4,4,1,3,3,1,4,2,2,2,3,2,1,1,3,2,2,1,4,2,4,4,3,3,1,2,1,4,3,1,4,2,3,2,2,3,3,4,3,2,4,2,1,2,4,3,3,3,3,1,3,4,2,2,4,1,3,2,3,3,3,2,1,4,1,3,2,3,4,1,4,4,4,2,4,2,2,1,4,3,3,4,3,3,3,1,1,1,2,4,3,3,3,2,3,1,1,3,3,4,2,2,4,3,1,4,1,3,4,3,2,4,3,4,4,3,2,4,3,4,4,4,4,2,2,1,3,2,3,4,2,3,1,4,3,2,3,3,1,3,1,2,2,2,1,2,1,2,2,1,2,3,3,3,3,3,3,3,3,2,3,3,2,4,3,2,2,2,1,2,3,2,2,1,4,3,4,4,4,3,3,1,2,4,2,1,2,2,2,3,2,4,4,3,2,4,2,1,3,2,2,2,3,3,3,2,3,2,2,1,1,3,2,1,3,1,1,4,1,4,2,2,1,3,2,4,3,1,4,2,1
118,2,2,2,2,2,1,2,1,1,2,3,3,2,3,2,4,3,3,4,1,3,4,3,3,2,4,2,1,3,2,4,3,2,4,4,1,3,3,1,4,2,2,2,3,2,1,1,3,2,2,1,4,2,4,4,3,3,1,2,1,4,3,1,4,2,3,2,2,3,3,4,3,2,4,2,1,2,4,3,3,3,3,1,3,4,2,2,4,1,3,2,3,3,3,2,1,4,1,3,2,3,4,1,4,4,4,2,4,2,2,1,4,3,3,4,3,3,3,1,1,1,2,4,3,3,3,2,3,1,1,3,3,4,2,2,4,3,1,4,1,3,4,3,2,4,3,4,4,3,2,4,1,4,4,4,4,2,2,1,3,2,3,4,2,3,1,4,3,2,3,3,1,3,1,2,2,2,1,2,1,2,2,1,2,3,3,3,3,3,3,3,3,2,3,3,2,4,3,2,2,2,1,2,3,2,2,1,4,3,4,4,4,3,3,1,2,4,2,1,2,2,2,3,2,4,4,4,4,4,2,1,3,2,2,2,3,3,3,2,2,2,2,1,1,3,2,1,3,1,1,4,1,4,2,2,1,3,2,4,3,1,4,2,1
119,2,2,2,2,2,1,2,3,1,2,3,3,2,3,2,4,3,3,4,1,3,4,1,3,2,4,2,1,3,2,4,3,2,4,4,1,3,3,1,4,2,2,2,3,2,1,1,3,2,2,1,4,2,4,4,3,3,1,2,1,4,3,1,4,2,3,2,2,3,3,4,3,2,2,2,1,2,4,3,3,3,3,1,3,4,2,2,4,1,3,2,3,3,3,2,1,4,1,3,2,3,4,1,4,4,4,4,4,2,2,1,4,3,3,4,3,3,3,1,1,1,2,4,3,3,3,2,3,1,1,3,3,4,2,2,4,3,1,4,1,3,4,3,2,4,3,4,4,3,2,4,3,4,4,4,3,2,2,1,3,2,3,4,2,3,1,4,3,2,3,3,3,3,1,2,2,2,1,2,3,4,2,1,2,3,3,3,3,3,3,3,1,3,2,3,2,4,3,2,4,2,1,2,1,2,2,1,2,3,4,2,4,3,3,1,4,4,4,3,2,2,3,3,2,2,4,4,4,4,2,1,1,3,2,4,3,3,3,2,3,2,2,2,3,3,2,1,3,1,1,4,1,4,2,2,1,3,2,4,3,3,4,2,1
